id,game,time
1 ,Force of Nature,152
1 ,The Elder Scrolls V: Skyrim,142
1 ,Assassin's Creed Origins,95
1 ,Far Cry Primal,93
1 ,Far Cry 4,71
1 ,Mafia II,65
1 ,Deus Ex: Mankind Divided™,55
1 ,S.T.A.L.K.E.R.: Call of Pripyat,43
1 ,Raft,39
1 ,Kona,38
1 ,Tom Clancy's Splinter Cell Blacklist,35
1 ,No Man's Sky,31
1 ,Salt,30
1 ,Robocraft,30
1 ,Rise of the Tomb Raider,30
1 ,Assassin's Creed Syndicate,27
1 ,Tomb Raider,24
1 ,Sherlock Holmes: Crimes and Punishments,19.3
1 ,Gunpoint,17
1 ,The Forest,16.2
1 ,Portal 2,14.5
1 ,Spore,14.2
1 ,Fine Sweeper,13.7
1 ,Medieval Engineers,11.7
1 ,Assassin's Creed® III,10.8
1 ,Call of Duty: Advanced Warfare,10.8
1 ,Antichamber,10.5
1 ,Dead Rising 3,10.3
1 ,L.A. Noire,9.8
1 ,7 Days to Die,9.5
1 ,Middle-earth™: Shadow of Mordor™,8.9
1 ,Euro Truck Simulator 2,8.5
1 ,Miasmata,7.7
1 ,PLAYERUNKNOWN'S BATTLEGROUNDS,7.6
1 ,Plague Inc: Evolved,7.3
1 ,The Long Dark,6.4
1 ,Rogue Legacy,6
1 ,Kingdoms,5.5
1 ,Stranded Deep,5
1 ,The Talos Principle,4.7
1 ,The Vanishing of Ethan Carter,4.6
1 ,Door Kickers,4.4
1 ,Half-Life,4.4
1 ,ASTRONEER,4.1
1 ,Dead Secret,4
1 ,Rocket League,3.3
1 ,Alien: Isolation,3.1
1 ,Ultimate Chicken Horse,2.8
1 ,Dear Esther,2.8
1 ,Omerta - City of Gangsters,2.6
1 ,Reign Of Kings,2.5
1 ,Godus,2.4
1 ,Sniper Elite V2,2.1
1 ,Metro: Last Light,1.9
1 ,BioShock Infinite,1.7
1 ,1953 - KGB Unleashed,1.6
1 ,Sir  You Are Being Hunted,1.6
1 ,Team Fortress 2,1.5
1 ,Farming Simulator 15,1.3
1 ,Half-Life 2,1.2
1 ,Gauntlet™ ,1.1
1 ,Kentucky Route Zero,1.1
1 ,Besiege,1
1 ,Doorways: Prelude,0.9
1 ,FEZ,0.8
1 ,Kerbal Space Program,0.8
1 ,Crysis Warhead,0.8
1 ,BeamNG.drive,0.7
1 ,DreadOut,0.7
1 ,FTL: Faster Than Light,0.6
1 ,Poker Night at the Inventory,0.6
1 ,Portal,0.5
1 ,Only If,0.4
1 ,Euro Truck Simulator,0.4
1 ,Dota 2,0.4
1 ,Trickster VR,0.3
1 ,Left 4 Dead 2,0.3
1 ,SEGA Mega Drive & Genesis Classics,0.2
1 ,Banished,0.2
1 ,Castle Story,0.2
1 ,Terraria,0.2
1 ,Bully: Scholarship Edition,0.2
1 ,Insurgency,0.2
1 ,Quantum Conundrum,0.1
2 ,Counter-Strike: Global Offensive,320
2 ,Tom Clancy's Rainbow Six Siege,905
2 ,Counter-Strike: Global Offensive,206
2 ,Call of Duty: Black Ops II - Multiplayer,85
2 ,PLAYERUNKNOWN'S BATTLEGROUNDS,71
2 ,Far Cry 5,70
2 ,The Forest,66
2 ,Terraria,59
2 ,theHunter: Call of the Wild™,59
2 ,Grand Theft Auto V,55
2 ,Rocket League,50
2 ,The Crew 2,46
2 ,War Thunder,46
2 ,Farming Simulator 19,45
2 ,DiRT 4,41
2 ,Assetto Corsa,40
2 ,Scrap Mechanic,34
2 ,For Honor,30
2 ,Warface,30
2 ,WWE 2K18,22
2 ,Call of Duty: Black Ops II,20
2 ,Watch_Dogs 2,14.8
2 ,Subnautica,10.9
2 ,TrackMania² Valley,9.1
2 ,Eco,8.8
2 ,Call of Duty: Black Ops III,8.7
2 ,Maize,8.5
2 ,Rust,7.6
2 ,Far Cry 4,6.4
2 ,Borderlands 2,5.7
2 ,Call of Duty: Black Ops II - Zombies,5.4
2 ,Call of Duty 4: Modern Warfare,5.2
2 ,Robocraft,4.4
2 ,LEGO® Star Wars™ III: The Clone Wars™,4.1
2 ,Ring of Elysium,4
2 ,RaceRoom Racing Experience ,2.1
2 ,Unturned,1.9
2 ,Prominence Poker,1.8
2 ,Dota 2,1.5
2 ,Grand Theft Auto: San Andreas,1.5
2 ,Heroes & Generals,1.3
2 ,Russian Fishing 4,1.3
2 ,Counter-Strike: Source,1.3
2 ,Far Cry® 3,1.1
2 ,TrackMania Nations Forever,1
2 ,Tom Clancy's Rainbow Six Siege - Test Server,0.8
2 ,PAYDAY 2,0.8
2 ,DiRT Rally,0.6
2 ,Business Tour - Online Multiplayer Board Game,0.5
2 ,RUSSIA BATTLEGROUNDS,0.4
2 ,Black Squad,0.4
2 ,BLOCKPOST,0.2
3 ,Z1 Battle Royale,1215
3 ,Grand Theft Auto V,502
3 ,PLAYERUNKNOWN'S BATTLEGROUNDS,447
3 ,Dota 2,78
3 ,Wallpaper Engine,73
3 ,Human: Fall Flat,50
3 ,Counter-Strike: Global Offensive,34
3 ,Dota Underlords,17.3
3 ,Deceit,11
3 ,Left 4 Dead 2,4.6
3 ,Dead by Daylight,1
3 ,H1Z1: Test Server,1
4 ,Dota 2,103
4 ,Counter-Strike: Global Offensive,17.1
4 ,Heroes & Generals,0.3
4 ,Cuisine Royale,0.2
5 ,Counter-Strike: Global Offensive,628
5 ,Grand Theft Auto V,302
5 ,Wallpaper Engine,37
5 ,War Thunder,11.5
5 ,Crossout,8.6
5 ,Euro Truck Simulator 2,7.6
5 ,Left 4 Dead 2,4.9
5 ,Paladins,4.4
5 ,Left 4 Dead,2
5 ,Survarium,1.2
5 ,Dota 2,1.1
6 ,Dota 2,148
6 ,Counter-Strike: Global Offensive,0.2
7 ,War Thunder,359
7 ,Steel Ocean,48
7 ,Unturned,39
7 ,World of Warships,17.4
7 ,Galactic Junk League,15.3
7 ,Galaxy Control: 3D Strategy,11.1
7 ,Team Fortress 2,6.9
7 ,Tanki X,5.1
7 ,Gear Up,5
7 ,Star Conflict,4.3
7 ,ONRAID,2.9
7 ,Black Squad,1.8
7 ,Dota 2,1.5
7 ,PickCrafter,1.4
7 ,Creativerse,1
7 ,Alien Swarm: Reactive Drop,0.9
7 ,Zombie Panic! Source,0.8
7 ,Fistful of Frags,0.8
7 ,Counter-Strike: Global Offensive,0.8
7 ,Codename CURE,0.6
7 ,BattleRush,0.4
7 ,Battle Islands: Commanders,0.4
7 ,WARMODE,0.4
7 ,Navy Field 2 : Conqueror of the Ocean,0.2
7 ,TDP4:Team Battle,0.2
7 ,GunFleet,0.2
8 ,Dota 2,18.1
8 ,World of Tanks Blitz,11.7
8 ,WARMODE,9.5
8 ,Faeria,8.2
8 ,Unturned,6.8
8 ,Fallout Shelter,5.4
8 ,Guild Quest,1.8
8 ,Battle Islands: Commanders,1.6
8 ,Infestation: The New Z,1
8 ,Soda Dungeon,0.6
8 ,Line of Sight,0.4
8 ,Robocraft,0.3
9 ,PLAYERUNKNOWN'S BATTLEGROUNDS,868
9 ,Z1 Battle Royale,238
9 ,Grand Theft Auto V,200
9 ,MONSTER HUNTER: WORLD,129
9 ,PAYDAY 2,110
9 ,Counter-Strike: Global Offensive,100
9 ,Left 4 Dead 2,26
9 ,RESIDENT EVIL 2 / BIOHAZARD RE:2,17.1
9 ,Don't Starve Together,16.6
9 ,Ring of Elysium,12.9
9 ,Human: Fall Flat,11.5
9 ,Risk of Rain 2,8.4
9 ,Dota 2,5.4
9 ,KurtzPel,3.2
9 ,Black Squad,3
9 ,SNOW,2.7
9 ,Castle Crashers,2.1
9 ,Dungeon Defenders II,1.7
9 ,Lucius,1.4
9 ,DiRT Rally,1.4
9 ,Cuisine Royale,1.3
9 ,Terraria,1.1
9 ,"RESIDENT EVIL 2 / BIOHAZARD RE:2 ""1-Shot Demo""",0.6
9 ,HITMAN™ 2,0.3
9 ,H1Z1: Test Server,0.2
9 ,Team Fortress 2,0.2
9 ,Fallout Shelter,0.1
10 ,Counter-Strike: Global Offensive,211
10 ,ARK: Survival Evolved,50
10 ,Mount & Blade: Warband,21
10 ,PLAYERUNKNOWN'S BATTLEGROUNDS,7.9
10 ,Totally Accurate Battle Simulator,6.8
10 ,Rocket League,6
10 ,Besiege,4.7
10 ,Mount & Blade: With Fire and Sword,4.4
10 ,Euro Truck Simulator 2,3.4
10 ,Heavy Metal Machines,1.7
10 ,Stick Fight: The Game,0.9
10 ,Team Fortress 2,0.3
10 ,Rise of Liberty,0.1
11 ,Grand Theft Auto V,119
11 ,Counter-Strike: Global Offensive,3.2
11 ,Counter-Strike: Global Offensive,404
11 ,Unturned,274
11 ,Everlasting Summer,33
11 ,PAYDAY 2,27
11 ,Garry's Mod,27
11 ,Dota 2,17.2
11 ,Rust,14.2
11 ,DayZ,5.9
11 ,Tabletop Simulator,5.1
11 ,World of Tanks Blitz,4.1
11 ,PLAYERUNKNOWN'S BATTLEGROUNDS,2.9
11 ,Team Fortress 2,1.5
11 ,Goat Simulator,1.5
11 ,Magicka 2,1
11 ,Totally Accurate Battlegrounds,0.5
11 ,World of Guns: Gun Disassembly,0.3
12 ,PLAYERUNKNOWN'S BATTLEGROUNDS,1841
12 ,Z1 Battle Royale,629
13 ,Counter-Strike: Global Offensive,8
13 ,Counter-Strike: Global Offensive,197
13 ,Door Kickers,16
13 ,Alien Swarm: Reactive Drop,1.6
13 ,DOOM,0.5
14 ,PLAYERUNKNOWN'S BATTLEGROUNDS,350
14 ,Dota 2,179
14 ,Wallpaper Engine,39
14 ,Warframe,27
14 ,DRAGON BALL XENOVERSE 2,23
14 ,CPUCores :: Maximize Your FPS,8.3
14 ,Tom Clancy's Rainbow Six Siege,4.9
14 ,Robocraft,4.5
14 ,Heroes & Generals,3.7
14 ,Black Squad,3.7
14 ,Dreadnought,3.2
14 ,Rento Fortune - Multiplayer Board Game,2.7
14 ,Borderlands 2,2.6
14 ,Tom Clancy's Rainbow Six Siege - Test Server,2.4
14 ,Human: Fall Flat,2.1
14 ,HITMAN™,0.2
15 ,The Witcher 3: Wild Hunt,49
15 ,War Thunder,42
15 ,Watch_Dogs 2,24
15 ,Chinese Parents,11.6
15 ,Cat Quest,9.2
15 ,Transistor,7.4
15 ,FAR: Lone Sails,6.9
15 ,KurtzPel,4.2
15 ,To the Moon,4.1
15 ,PLAYERUNKNOWN'S BATTLEGROUNDS,2.1
15 ,Cuisine Royale,1.6
15 ,HITMAN™,0.8
15 ,Warface,0.2
16 ,Counter-Strike: Global Offensive,1334
16 ,Grand Theft Auto V,45
16 ,PLAYERUNKNOWN'S BATTLEGROUNDS,34
16 ,Dota 2,29
16 ,Left 4 Dead 2,1.5
16 ,The Crew 2,1.1
16 ,Team Fortress 2,0.6
16 ,CS:GO Player Profiles,0.4
16 ,Dota Underlords,0.3
16 ,Unturned,0.2
17 ,Counter-Strike: Global Offensive,652
17 ,PLAYERUNKNOWN'S BATTLEGROUNDS,17.1
17 ,PAYDAY 2,11.1
17 ,TEKKEN 7,11.1
17 ,Black Squad,3.4
18 ,Grand Theft Auto V,430
18 ,Terraria,144
18 ,Don't Starve Together,138
18 ,Dead Cells,134
18 ,Left 4 Dead 2,95
18 ,Killing Floor 2,92
18 ,Fallout 4,65
18 ,Mad Max,32
18 ,Wolfenstein: The New Order,23
18 ,Life is Strange™,23
18 ,DOOM,19
18 ,G2 Fighter,18.9
18 ,Half-Life 2,16.4
18 ,Wolfenstein II: The New Colossus,16
18 ,Metro 2033 Redux,15.5
18 ,Metro: Last Light Redux,13.7
18 ,Sniper Elite 4,10.8
18 ,Wolfenstein: The Old Blood ,8.7
18 ,HITMAN™ 2,5.8
18 ,Portal,5.6
18 ,The Elder Scrolls V: Skyrim Special Edition,5.3
18 ,Dota Underlords,5
18 ,NEKOPARA Vol. 2,4.8
18 ,NEKOPARA Vol. 1,4.5
18 ,Heroes & Generals,2.4
18 ,Call to Arms,1.6
18 ,Dota 2,1.4
18 ,Robocraft,1.3
18 ,Counter-Strike: Global Offensive,1.1
18 ,NEKOPARA Vol. 0,1.1
18 ,NEKOPARA Vol. 3,1
18 ,Unturned,0.8
18 ,Drop Alive,0.6
18 ,Team Fortress 2,0.5
18 ,Killing Floor,0.3
18 ,planetarian HD,0.3
19 ,Deceit,0.2
19 ,Dota 2,766
19 ,Team Fortress 2,273
19 ,Counter-Strike: Global Offensive,218
19 ,Garry's Mod,96
19 ,PAYDAY 2,33
19 ,Move or Die,27
19 ,Duck Game,9.4
19 ,Paladins,5.2
19 ,No More Room in Hell,4.3
19 ,Stick Fight: The Game,3.2
19 ,Fistful of Frags,2.7
19 ,Unturned,2.7
19 ,Brawlhalla,2
19 ,Block N Load,1.7
19 ,Crossout,1.2
19 ,Ball 3D: Soccer Games,1
19 ,Marvel Heroes Omega,0.8
19 ,SMITE,0.7
19 ,Black Squad,0.6
19 ,Tanki Online,0.6
19 ,We Were Here,0.5
19 ,Dirty Bomb,0.5
19 ,Deceit,0.5
19 ,Heroes & Generals,0.4
19 ,Marvel Puzzle Quest,0.4
19 ,Line of Sight,0.4
19 ,S.K.I.L.L. - Special Force 2,0.4
19 ,Rogue Operatives,0.4
19 ,Z1 Battle Royale,0.3
19 ,BLOCKADE 3D,0.3
19 ,Dota 2,0.3
19 ,NosTale,0.3
19 ,Tanki X,0.2
19 ,Alien Swarm,0.2
19 ,Darwin Project,0.2
19 ,Sven Co-op,0.1
19 ,A.V.A. Alliance of Valiant Arms™,0.1
19 ,Strike.is: The Game,0.1
19 ,Final Quest,0.1
20 ,PLAYERUNKNOWN'S BATTLEGROUNDS,1496
20 ,Grand Theft Auto V,140
20 ,Counter-Strike: Global Offensive,89
20 ,Z1 Battle Royale,59
20 ,Deep Rock Galactic,36
20 ,ARK: Survival Evolved,15.8
20 ,Human: Fall Flat,9.6
20 ,Wallpaper Engine,8.4
20 ,Tom Clancy's Rainbow Six Siege,2.7
20 ,Dota 2,1.1
20 ,Battle Royale Trainer,0.5
21 ,Tom Clancy's Rainbow Six Siege,1220
21 ,World of Tanks Blitz,547
21 ,Insurgency: Sandstorm,148
21 ,War Thunder,132
21 ,Squad,31
21 ,Killing Floor 2,25
21 ,Insurgency,23
21 ,Left 4 Dead 2,18.4
21 ,Tom Clancy's Rainbow Six Siege - Test Server,18.1
21 ,DOOM,12.7
21 ,Wallpaper Engine,10.5
21 ,Shadow of the Tomb Raider,10
21 ,Borderlands 2,9.9
21 ,Wolfenstein: Youngblood,9.3
21 ,Tomb Raider,8.3
21 ,PAYDAY 2,8.2
21 ,Counter-Strike: Global Offensive,3.8
21 ,3DMark,3.4
21 ,Broforce,2.1
21 ,Heroes & Generals,0.8
21 ,Metro 2033,0.5
21 ,Homefront,0.3
21 ,Black Survival,0.3
21 ,Modern Combat Versus,0.1
22 ,Rust,1759
22 ,Dota 2,349
22 ,Counter-Strike: Global Offensive,281
22 ,The Witcher 3: Wild Hunt,34
22 ,Dead Island Riptide,33
22 ,Garry's Mod,27
22 ,Trove,27
22 ,Everlasting Summer,19.8
22 ,No More Room in Hell,18.1
22 ,Call of Duty: Modern Warfare 3,12.1
22 ,GRAV,11
22 ,Infestation: Survivor Stories Classic,8.4
22 ,Spore,7.2
22 ,Call of Duty: Modern Warfare 3 - Multiplayer,6.6
22 ,PAYDAY 2,6.2
22 ,Subnautica,5.2
22 ,7 Days to Die,4.6
22 ,Unturned,4.3
22 ,ORION: Prelude,4.2
22 ,Warframe,3.9
22 ,Z1 Battle Royale,3.1
22 ,Resident Evil Revelations 2 / Biohazard Revelations 2,2.4
22 ,Shelter 2,1.5
22 ,Hand of the Gods,1.3
22 ,War Thunder,1
22 ,Aftermath,0.9
22 ,Evolve Stage 2,0.5
22 ,Sakura Spirit,0.5
22 ,Vortex: The Gateway,0.4
22 ,Airscape: The Fall of Gravity,0.3
22 ,Chivalry: Medieval Warfare,0.2
22 ,Shadowgrounds,0.2
22 ,Gun Rocket,0.2
22 ,Infestation: The New Z,0.2
22 ,Crossout,0.1
23 ,Counter-Strike: Global Offensive,553
23 ,Tom Clancy's Rainbow Six Siege,402
23 ,Grand Theft Auto V,388
23 ,Red Dead Redemption 2,177
23 ,Titan Quest Anniversary Edition,116
23 ,Men of War: Assault Squad,71
23 ,Kerbal Space Program,65
23 ,Sid Meier's Civilization VI,41
23 ,World of Warships,40
23 ,Saints Row IV,37
23 ,Black Squad,35
23 ,Call of Duty: WWII,24
23 ,Garry's Mod,23
23 ,Chinese Parents,19.5
23 ,Deceit,18.9
23 ,Prison Architect,13.8
23 ,Men of War: Assault Squad 2,13.1
23 ,Terraria,10.3
23 ,Human: Fall Flat,9.7
23 ,Call of Duty: WWII - Multiplayer,8.6
23 ,Hand Simulator,6.4
23 ,theHunter: Call of the Wild™,6.1
23 ,Left 4 Dead 2,5
23 ,Portal 2,4.8
23 ,Call to Arms,4.3
23 ,Brawlhalla,4.2
23 ,DCS World Steam Edition,2.7
23 ,Unturned,2.4
23 ,FAR: Lone Sails,2.2
23 ,SCP: Secret Laboratory,2.1
23 ,Breeders of the Nephelym: Alpha,1.9
23 ,Warface,1
23 ,Pool 2D - Poolians,1
23 ,Heroes & Generals,1
23 ,DISTRAINT: Deluxe Edition,0.8
23 ,HITMAN™ 2,0.7
23 ,Mountain,0.7
23 ,Z1 Battle Royale,0.4
23 ,Tomb Raider,0.2
23 ,Fractured Space,0.2
23 ,War Thunder,0.1
24 ,Dota 2,1446
24 ,Shio,10.1
24 ,PLAYERUNKNOWN'S BATTLEGROUNDS,5.1
24 ,Counter-Strike: Global Offensive,1.1
25 ,Dota 2,145
25 ,Don't Starve Together,3.8
25 ,Counter-Strike: Global Offensive,2
25 ,Human: Fall Flat,1.9
25 ,Dota Underlords,1.2
26 ,Dota 2,718
26 ,PLAYERUNKNOWN'S BATTLEGROUNDS,194
26 ,Counter-Strike: Global Offensive,117
26 ,Cities: Skylines,27
26 ,Witch It,24
26 ,Total War: THREE KINGDOMS,24
26 ,Sid Meier's Civilization VI,21
26 ,Euro Truck Simulator 2,16.8
26 ,Mobile Empire,16.4
26 ,Middle-earth™: Shadow of War™,15.5
26 ,Human: Fall Flat,11.1
26 ,Osiris: New Dawn,9.6
26 ,They Are Billions,8.8
26 ,Bus Simulator 18,6.3
26 ,Amazing Cultivation Simulator,5.8
26 ,Poly Bridge,5.1
26 ,Wallpaper Engine,4.7
26 ,Dota Underlords,1.7
26 ,Warframe,0.8
26 ,Shop Heroes,0.4
26 ,Age of Wonders III,0.4
26 ,Foxhole,0.2
26 ,Warface,0.1
27 ,Ring of Elysium,855
27 ,PLAYERUNKNOWN'S BATTLEGROUNDS,210
27 ,Counter-Strike: Global Offensive,0.3
27 ,Counter-Strike: Global Offensive,1303
27 ,Shakes and Fidget,11.9
27 ,Heroes & Generals,4.5
27 ,Last Man Standing,3.6
27 ,Trove,3.4
27 ,Albion Online,3.2
27 ,TrackMania Nations Forever,3
27 ,Business Tour - Online Multiplayer Board Game,2
27 ,Metin2,1.7
27 ,Euro Truck Simulator,0.5
27 ,BRAIN / OUT,0.4
27 ,Dota 2,0.2
27 ,Paladins,0.2
28 ,Euro Truck Simulator 2,7.9
28 ,Insurgency,6.5
28 ,Heroes & Generals,4.7
28 ,Dota 2,4
29 ,Dead by Daylight,513
29 ,PLAYERUNKNOWN'S BATTLEGROUNDS,268
29 ,Counter-Strike: Global Offensive,2.9
29 ,Hell Wedding 夜嫁,2.7
29 ,Outlast,0.4
30 ,Grand Theft Auto V,423
30 ,PAYDAY 2,152
30 ,Fallout 4,125
30 ,Streets of Rogue,121
30 ,Left 4 Dead 2,96
30 ,Tom Clancy's Rainbow Six Siege,82
30 ,MONSTER HUNTER: WORLD,70
30 ,Warframe,64
30 ,Resident Evil 6 / Biohazard 6,57
30 ,Tom Clancy's The Division,54
30 ,Starbound,52
30 ,The Witcher 3: Wild Hunt,44
30 ,Tales of Berseria,39
30 ,Danganronpa V3: Killing Harmony,30
30 ,For Honor,25
30 ,Hotline Miami 2: Wrong Number,23
30 ,POSTAL 2,22
30 ,Door Kickers: Action Squad,17.7
30 ,東方憑依華　～ Antinomy of Common Flowers.,17.1
30 ,Dead Rising 2: Off the Record,16.8
30 ,Don't Starve Together,14.2
30 ,Terraria,12.8
30 ,Counter-Strike: Global Offensive,5.7
30 ,Lobotomy Corporation,5
30 ,Doki Doki Literature Club,1.9
30 ,SCP: Secret Laboratory,1.4
30 ,Dead by Daylight,1.1
30 ,VRChat,1
30 ,Unturned,0.7
30 ,Changed,0.6
30 ,WARMODE,0.4
30 ,Borderlands 2,0.2
30 ,Guild Quest,0.1
31 ,Dota 2,1209
31 ,Counter-Strike: Global Offensive,2.8
32 ,Dota 2,554
32 ,Counter-Strike: Global Offensive,297
32 ,War Thunder,39
32 ,World of Tanks Blitz,8.6
32 ,Artifact,4
32 ,VRChat,1.5
32 ,The Forest,0.9
32 ,Garry's Mod,0.2
33 ,Dota 2,2642
33 ,PLAYERUNKNOWN'S BATTLEGROUNDS,316
33 ,Grand Theft Auto V,204
33 ,Counter-Strike: Global Offensive,156
33 ,Subnautica,21
33 ,NARUTO SHIPPUDEN: Ultimate Ninja STORM 4,20
33 ,World of Warships,18.1
33 ,Dead by Daylight,15.3
33 ,Sleeping Dogs: Definitive Edition,14
33 ,Left 4 Dead 2,11.8
33 ,Paladins,4.5
33 ,Dota Underlords,3.5
33 ,Garry's Mod,1.8
34 ,Counter-Strike: Global Offensive,1702
34 ,Dead by Daylight,663
34 ,Realm Royale,106
34 ,Grand Theft Auto V,49
34 ,Just Cause 3,33
34 ,Paladins,32
34 ,Z1 Battle Royale,30
34 ,The Forest,26
34 ,PAYDAY 2,22
34 ,Tower Unite,17.9
34 ,Secret Neighbor,16.1
34 ,Left 4 Dead 2,14.4
34 ,Trove,14
34 ,Rocket League,13.7
34 ,Tom Clancy's Rainbow Six Siege,11.9
34 ,The Long Dark,10.8
34 ,Euro Truck Simulator 2,9
34 ,War Thunder,7.8
34 ,DC Universe Online,7.6
34 ,Robocraft,6.5
34 ,Garry's Mod,6.3
34 ,Business Tour - Online Multiplayer Board Game,6
34 ,Sniper Ghost Warrior 2,5.1
34 ,Friday the 13th: The Game,3.3
34 ,Hitman: Absolution,3.3
34 ,Portal,2.1
34 ,The Witcher: Enhanced Edition,1.6
34 ,Half-Life 2,1
34 ,Viscera Cleanup Detail: Shadow Warrior,0.9
34 ,Unturned,0.6
34 ,Half-Life 2: Lost Coast,0.5
34 ,Portal 2,0.4
35 ,Dota 2,662
35 ,Counter-Strike: Global Offensive,487
35 ,Counter-Strike,11.7
35 ,S.K.I.L.L. - Special Force 2,5.2
35 ,Batla,0.6
35 ,Steampunk Syndicate,0.4
35 ,Battlerite,0.4
35 ,Heroes & Generals,0.3
35 ,VRChat,0.1
36 ,Dota 2,6.8
37 ,Dota 2,4.6
38 ,Counter-Strike: Global Offensive,312
38 ,Brawlhalla,96
38 ,CreativeDestruction,36
38 ,Paladins,21
38 ,Team Fortress 2,6.2
38 ,Unturned,2.6
38 ,WARMODE,0.2
39 ,Rocket League,2341
39 ,PLAYERUNKNOWN'S BATTLEGROUNDS,1244
39 ,Call of Duty: Black Ops III,160
39 ,Call of Duty: Modern Warfare 2 - Multiplayer,70
39 ,Call of Duty: Black Ops II - Multiplayer,49
39 ,Counter-Strike: Global Offensive,25
39 ,Ring of Elysium,15.5
39 ,Call of Duty: Black Ops - Multiplayer,5
39 ,Call of Duty: Modern Warfare 2,2.1
39 ,Euro Truck Simulator 2,1.7
39 ,Call of Duty: Black Ops II - Zombies,1.2
39 ,Z1 Battle Royale,0.8
39 ,Insurgency,0.5
39 ,Wallpaper Engine,0.3
40 ,PLAYERUNKNOWN'S BATTLEGROUNDS,596
40 ,Dota 2,162
40 ,Grand Theft Auto V,41
40 ,Wallpaper Engine,18.9
40 ,Human: Fall Flat,2.8
40 ,Ring of Elysium,1.4
40 ,Counter-Strike: Global Offensive,0.6
40 ,Team Fortress 2,0.6
41 ,Dota 2,341
41 ,Tom Clancy's Rainbow Six Siege,822
41 ,Counter-Strike: Global Offensive,627
41 ,MONSTER HUNTER: WORLD,582
41 ,Grand Theft Auto V,554
41 ,PLAYERUNKNOWN'S BATTLEGROUNDS,197
41 ,DARK SOULS™ III,139
41 ,Dying Light,102
41 ,Total War: THREE KINGDOMS,85
41 ,The Witcher 3: Wild Hunt,83
41 ,Sekiro™: Shadows Die Twice,76
41 ,Lost Castle,58
41 ,Middle-earth™: Shadow of War™,45
41 ,DYNASTY WARRIORS 8: Xtreme Legends Complete Edition,35
41 ,Remnant: From the Ashes,22
41 ,Assassin's Creed IV Black Flag,21
41 ,Left 4 Dead 2,17.9
41 ,Portal Knights,17.6
41 ,Resident Evil 6 / Biohazard 6,17.1
41 ,Assassin's Creed® III,15.4
41 ,Rise of the Tomb Raider,15
41 ,Assassin's Creed Revelations,10.3
41 ,Plants vs. Zombies: Game of the Year,9.9
41 ,Human: Fall Flat,9.7
41 ,Grand Theft Auto: San Andreas,8.4
41 ,Gremlins  Inc.,8.4
41 ,Devil May Cry 5,8.1
41 ,Devil May Cry® 4 Special Edition,8
41 ,Onmyoji,7.9
41 ,Quantum Break,7.4
41 ,DmC Devil May Cry,6.8
41 ,Castle Crashers,5.2
41 ,Dark Elf,5.1
41 ,Cities: Skylines,4.8
41 ,Wallpaper Engine,2.8
41 ,Poly Bridge,2.7
41 ,The Sims(TM) 3,2.6
41 ,Chinese Parents,2.6
41 ,Middle-earth™: Shadow of Mordor™,2.6
41 ,The Heiress,2.1
41 ,Goat Simulator,2.1
41 ,Plague Inc: Evolved,1.8
41 ,Fistful of Frags,1.6
41 ,DeathComing,1.5
41 ,Move or Die,1.4
41 ,Ultimate Chicken Horse,1.2
41 ,Grand Theft Auto: Vice City,0.8
41 ,CS2D,0.7
41 ,PAYDAY 2,0.4
41 ,100% Orange Juice,0.4
41 ,Insurgency,0.3
41 ,Counter-Strike: Condition Zero,0.2
41 ,Europa Universalis IV,0.2
41 ,Island Dash,0.1
41 ,Death Road to Canada,0.1
42 ,Counter-Strike: Global Offensive,1365
42 ,Grand Theft Auto V,646
42 ,PAYDAY 2,27
42 ,Rocket League,8.7
42 ,Unturned,4
42 ,Dying Light,3.3
42 ,Grand Theft Auto: San Andreas,3.2
42 ,Warface,2
42 ,Team Fortress 2,1.5
42 ,Sven Co-op,0.7
42 ,Freddy Fazbear's Pizzeria Simulator,0.2
43 ,PLAYERUNKNOWN'S BATTLEGROUNDS,754
43 ,Dota 2,181
43 ,Slay the Spire,24
43 ,Trine 4: The Nightmare Prince,11.6
43 ,Tricolour Lovestory,3.3
43 ,Wallpaper Engine,2.4
43 ,Borderlands 2,2.2
43 ,Human: Fall Flat,1.7
43 ,Dead by Daylight,1.4
43 ,Lost,0.8
43 ,NEKOPARA Vol. 0,0.5
43 ,The Red Front,0.2
43 ,Hentai Girl,0.1
44 ,WARMODE,3.5
44 ,Uebergame,0.1
44 ,War Thunder,0.1
44 ,Unturned,0.1
45 ,Slay the Spire,35
45 ,Wallpaper Engine,13
45 ,Plants vs. Zombies: Game of the Year,6.9
45 ,Poly Bridge,6.4
45 ,Counter-Strike: Global Offensive,3.8
45 ,Ring of Elysium,2
45 ,The Witcher 3: Wild Hunt,1.3
45 ,World of Warships,0.7
46 ,PLAYERUNKNOWN'S BATTLEGROUNDS,213
47 ,PLAYERUNKNOWN'S BATTLEGROUNDS,806
47 ,Counter-Strike: Global Offensive,759
47 ,ASTRONEER,13.9
47 ,Tom Clancy's Rainbow Six Siege,12.6
47 ,Human: Fall Flat,5.9
47 ,Dead by Daylight,2.9
47 ,Wallpaper Engine,2.1
48 ,War Thunder,361
48 ,Counter-Strike: Global Offensive,320
48 ,Unturned,253
48 ,Heroes & Generals,142
48 ,Terraria,127
48 ,MudRunner,116
48 ,Euro Truck Simulator 2,88
48 ,Star Conflict,81
48 ,Crossout,81
48 ,TerraTech,79
48 ,Don't Starve Together,59
48 ,Rocket League,40
48 ,PAYDAY 2,30
48 ,Human: Fall Flat,18.1
48 ,Garry's Mod,16
48 ,Portal 2,15.1
48 ,Ultimate Chicken Horse,11.5
48 ,Team Fortress 2,9.4
48 ,Heavy Metal Machines,1.7
48 ,PLAYERUNKNOWN'S BATTLEGROUNDS,1.2
48 ,CS2D,0.8
48 ,Deceit,0.4
48 ,Export Simulator,0.2
49 ,Counter-Strike: Global Offensive,698
49 ,Grand Theft Auto V,168
49 ,Business Tour - Online Multiplayer Board Game,23
49 ,Deceit,8.1
49 ,Albion Online,6.7
49 ,Infestation: The New Z,5.8
49 ,Cat Goes Fishing,3.4
49 ,Euro Truck Simulator 2,2.4
49 ,Team Fortress 2,1.7
49 ,Zula Europe,1.2
49 ,Brawlhalla,1
49 ,Ball 3D: Soccer Games,0.9
49 ,Warframe,0.8
49 ,Ring of Elysium,0.6
49 ,Trove,0.6
49 ,HITMAN™ 2,0.4
49 ,PRO EVOLUTION SOCCER 2017 TRIAL EDITION,0.4
49 ,Z1 Battle Royale,0.3
50 ,NBA 2K19,136
50 ,Grand Theft Auto V,100
50 ,Car Mechanic Simulator 2018,18.7
50 ,Hurtworld,7
50 ,Z1 Battle Royale,4.7
50 ,Team Fortress 2,1.8
50 ,Black Squad,0.3
51 ,Dota 2,1266
51 ,Counter-Strike: Global Offensive,406
51 ,Garry's Mod,254
51 ,Enter the Gungeon,227
51 ,Terraria,168
51 ,Paladins,123
51 ,Team Fortress 2,92
51 ,PAYDAY 2,71
51 ,Brawlhalla,71
51 ,Yu-Gi-Oh! Duel Links,69
51 ,CreativeDestruction,30
51 ,Fistful of Frags,30
51 ,Blacklight: Retribution,24
51 ,Borderlands 2,20
51 ,No More Room in Hell,19.8
51 ,BattleBlock Theater,19.8
51 ,Dead by Daylight,18.3
51 ,SCP: Secret Laboratory,17.5
51 ,Don't Starve Together,17.1
51 ,BlazBlue Centralfiction,16.1
51 ,SpeedRunners,15.7
51 ,Insurgency,15.6
51 ,Castle Crashers,15.6
51 ,Left 4 Dead 2,14.5
51 ,Stick Fight: The Game,13.9
51 ,Skullgirls,13.8
51 ,Unturned,12.6
51 ,Hotline Miami,8.9
51 ,Blockstorm,8.5
51 ,Cry of Fear,8.3
51 ,Starbound,7.9
51 ,Champions Online,7.8
51 ,PAYDAY: The Heist,7.7
51 ,Blade Symphony,6.8
51 ,Hotline Miami 2: Wrong Number,6.5
51 ,Spiral Knights,6.4
51 ,ORION: Prelude,5.9
51 ,Guns of Icarus Online,5.8
51 ,Portal 2,5.8
51 ,How to Survive,5.7
51 ,Guns of Icarus Alliance,5.7
51 ,Worms Revolution,4.3
51 ,GUN,4.2
51 ,Modern Combat Versus,4.1
51 ,Rules Of Survival,4
51 ,Realm of the Mad God,3.9
51 ,Tabletop Simulator,3.6
51 ,Sniper Fury,3.4
51 ,Closers,2.9
51 ,Hero Zero,2.8
51 ,Tactical Intervention,2.5
51 ,Counter-Strike,2.3
51 ,The Witcher: Enhanced Edition,2.2
51 ,Trove,2.1
51 ,Resident Evil Revelations 2 / Biohazard Revelations 2,2.1
51 ,Tricky Towers,2.1
51 ,Of Guards And Thieves,2
51 ,Gotham City Impostors: Free To Play,1.9
51 ,MapleStory 2,1.9
51 ,Magicka,1.8
51 ,Reigns,1.7
51 ,Super Crate Box,1.5
51 ,Robocraft,1.5
51 ,Zone4,1.3
51 ,Doki Doki Literature Club,1.3
51 ,Xeodrifter™,1.3
51 ,Bloody Trapland,1.3
51 ,Bot Vice,1.3
51 ,Creativerse,1.3
51 ,Blood and Bacon,1.2
51 ,Counter-Strike Nexon: Studio,1.2
51 ,Toribash,1.2
51 ,Hotline Miami 2: Wrong Number Digital Comic,1.1
51 ,Downwell,1.1
51 ,Business Tour - Online Multiplayer Board Game,1.1
51 ,APB Reloaded,1
51 ,Simply Chess,1
51 ,Rocketbirds: Hardboiled Chicken,1
51 ,Confess My Love,0.9
51 ,Block N Load,0.9
51 ,Yet Another Zombie Defense,0.8
51 ,SOS,0.8
51 ,Fallen Earth,0.7
51 ,Freddy Fazbear's Pizzeria Simulator,0.7
51 ,Tribes: Ascend,0.7
51 ,Warframe,0.7
51 ,Codename CURE,0.6
51 ,Dino D-Day,0.6
51 ,Saints Row IV Inauguration Station,0.6
51 ,Eldritch,0.6
51 ,Counter-Strike: Condition Zero,0.6
51 ,Refunct,0.5
51 ,Transformice,0.5
51 ,Superflight,0.5
51 ,Never Split the Party,0.4
51 ,Slap City,0.4
51 ,Skullgirls ∞Endless Beta∞,0.4
51 ,BlazBlue: Calamity Trigger,0.4
51 ,Ring of Elysium,0.4
51 ,Viscera Cleanup Detail: Santa's Rampage,0.4
51 ,Friday the 13th: Killer Puzzle,0.4
51 ,Dirty Bomb,0.3
51 ,Brief Karate Foolish,0.3
51 ,UNO,0.3
51 ,Bastion,0.3
51 ,Arma 2: DayZ Mod,0.3
51 ,CS2D,0.3
51 ,Skyhook,0.3
51 ,Super Monday Night Combat,0.3
51 ,Contagion,0.2
51 ,Heroes & Generals,0.2
51 ,Boring Man - Online Tactical Stickman Combat,0.2
51 ,WARMODE,0.2
51 ,Saints Row: The Third - Initiation Station,0.2
51 ,Hacknet,0.2
51 ,Hide and Seek,0.2
51 ,Survarium,0.2
51 ,Line of Sight,0.2
51 ,WT2,0.2
51 ,Anomaly Zone,0.2
51 ,Blender,0.2
51 ,Robin,0.2
51 ,Tiger Knight,0.1
51 ,Half-Life 2: Deathmatch,0.1
51 ,BRINK,0.1
51 ,BRAIN / OUT,0.1
51 ,Infestation: The New Z,0.1
51 ,Spooky's Jump Scare Mansion,0.1
51 ,Archeblade,0.1
51 ,Rumble Fighter: Unleashed,0.1
51 ,Apotheon Arena,0.1
51 ,Life is Strange™,0.1
51 ,AdVenture Capitalist,0.1
52 ,Counter-Strike: Global Offensive,495
52 ,PLAYERUNKNOWN'S BATTLEGROUNDS,171
52 ,Tom Clancy's Rainbow Six Siege,153
52 ,Dota 2,132
52 ,Left 4 Dead 2,32
52 ,Insurgency,1.6
52 ,PAYDAY 2,0.7
52 ,Dota Underlords,0.7
53 ,Unturned,1797
53 ,Counter-Strike: Global Offensive,970
53 ,Dying Light,440
53 ,PAYDAY 2,319
53 ,Borderlands 2 RU,151
53 ,Dead Island Definitive Edition,142
53 ,Dead Island Riptide Definitive Edition,113
53 ,Terraria,96
53 ,Castle Crashers,62
53 ,Metro: Last Light Redux,59
53 ,Infestation: The New Z,52
53 ,The Forest,50
53 ,Tom Clancy's Rainbow Six Siege,45
53 ,The Crew,44
53 ,Trove,40
53 ,Raft,37
53 ,Left 4 Dead 2,36
53 ,Crossout,34
53 ,Paladins,33
53 ,Garry's Mod,33
53 ,Serious Sam 3: BFE,30
53 ,Slime Rancher,30
53 ,Robocraft,26
53 ,Dead Rising 2,26
53 ,Metro 2033 Redux,25
53 ,Tomb Raider,19.8
53 ,Don't Starve Together,18.1
53 ,Saints Row IV,17.7
53 ,Car Mechanic Simulator 2018,14.8
53 ,Saints Row: The Third,13.3
53 ,Black Squad,12.5
53 ,Heroes & Generals,12.1
53 ,Fishing Planet,11
53 ,Half-Life 2,11
53 ,Call of Duty: Ghosts,9.4
53 ,Call of Duty: Ghosts - Multiplayer,8.4
53 ,7 Days to Die,8.1
53 ,Destiny 2,7.2
53 ,No More Room in Hell,6.9
53 ,Deceit,6.9
53 ,Kuboom,6.6
53 ,Wallpaper Engine,5.9
53 ,Borderlands 2,5.7
53 ,Realm Royale,5.2
53 ,Modern Combat 5,4.7
53 ,Walking Zombie 2,4.2
53 ,Resident Evil 6 / Biohazard 6,3.6
53 ,Watch_Dogs,3.4
53 ,Evolve Stage 2,3.1
53 ,The Culling Of The Cows,2.5
53 ,POSTAL 2,2.5
53 ,BattleBlock Theater,1.6
53 ,Z1 Battle Royale,1.5
53 ,Totally Accurate Battlegrounds,1.4
53 ,Just Cause 3,1.3
53 ,Dying Light: Bad Blood,1.3
53 ,Borderlands: The Pre-Sequel,1.2
53 ,Line of Sight,1.1
53 ,Russian Fishing 4,1.1
53 ,Warframe,1.1
53 ,Team Fortress 2,1
53 ,VRChat,0.9
53 ,BRAIN / OUT,0.9
53 ,theHunter Classic,0.8
53 ,Dead Maze,0.7
53 ,Counter-Strike Nexon: Studio,0.5
53 ,Survarium,0.5
53 ,Last Man Standing,0.5
53 ,Fallout Shelter,0.5
53 ,Of Guards And Thieves,0.5
53 ,BLOCKADE 3D,0.4
53 ,PickCrafter,0.4
53 ,Brawlhalla,0.4
53 ,Modern Combat Versus,0.4
53 ,Pixel Puzzles Ultimate,0.4
53 ,High Octane Drift,0.3
53 ,Darwin Project,0.2
53 ,MadOut2 BigCityOnline,0.2
53 ,Friday the 13th: Killer Puzzle,0.2
53 ,Alien Swarm: Reactive Drop,0.2
53 ,Ring of Elysium,0.2
53 ,Blacklight: Retribution,0.2
53 ,Radical Heights,0.1
54 ,Dota 2,2.4
55 ,Counter-Strike: Global Offensive,1285
55 ,Rocket League,1159
55 ,Tom Clancy's Rainbow Six Siege,145
55 ,Clicker Heroes,77
55 ,Ultimate Chicken Horse,66
55 ,Grand Theft Auto V,60
55 ,Paladins,40
55 ,APB Reloaded,23
55 ,Golf With Your Friends,21
55 ,Team Fortress 2,21
55 ,Brawlhalla,20
55 ,TrackMania Nations Forever,17.1
55 ,Left 4 Dead 2,15.1
55 ,Ring of Elysium,15
55 ,TrackMania United Forever,9.7
55 ,Worm.is: The Game,8.9
55 ,Portal 2,8.7
55 ,S.K.I.L.L. - Special Force 2,6.7
55 ,Just Cause 3,6.1
55 ,Shakes and Fidget,4.4
55 ,FlatOut 2,4.1
55 ,Clustertruck,4
55 ,Don't Starve Together,3.7
55 ,Z1 Battle Royale,3.4
55 ,Business Tour - Online Multiplayer Board Game,2.2
55 ,Warframe,2.2
55 ,Insurgency,2.1
55 ,Cuisine Royale,1.8
55 ,Need for Speed: Hot Pursuit,1.7
55 ,The Witcher 2: Assassins of Kings Enhanced Edition,1.7
55 ,Counter-Strike,1.3
55 ,PAYDAY 2,1.2
55 ,AdVenture Capitalist,1.1
55 ,Unturned,1.1
55 ,Creativerse,1
55 ,Rust,0.9
55 ,Car Mechanic Simulator 2015,0.8
55 ,Terraria,0.8
55 ,Robocraft,0.7
55 ,Mass Effect 2,0.4
55 ,Left 4 Dead,0.3
55 ,Human: Fall Flat,0.3
55 ,BLOCKADE 3D,0.1
55 ,Crossout,0.1
56 ,Tom Clancy's Rainbow Six Siege,336
56 ,Counter-Strike: Global Offensive,66
56 ,Sekiro™: Shadows Die Twice,59
56 ,PLAYERUNKNOWN'S BATTLEGROUNDS,29
56 ,Assassin's Creed IV Black Flag,18.6
56 ,Garry's Mod,18.3
56 ,Robocraft,18.3
56 ,Unturned,10.3
56 ,Warface,6.3
56 ,Ravenfield,5.8
56 ,Terraria,5.5
56 ,Tank Force,4.1
56 ,HITMAN™ 2,2.8
56 ,Ring of Elysium,0.5
56 ,Sniper Fury,0.4
56 ,Block N Load,0.2
56 ,Fractured Space,0.1
56 ,Fallout Shelter,0.1
57 ,Counter-Strike: Global Offensive,350
57 ,Rust,245
57 ,Garry's Mod,44
57 ,Far Cry 5,43
57 ,BattleBit Remastered,31
57 ,The Forest,28
57 ,Black Squad,23
57 ,PAYDAY 2,22
57 ,Brick Rigs,19.9
57 ,Halo: The Master Chief Collection,14
57 ,Totally Accurate Battlegrounds,13
57 ,Paladins,11.4
57 ,Terraria,8.9
57 ,Unturned,7.5
57 ,Darwin Project,7.2
57 ,Team Fortress 2,7
57 ,Sven Co-op,7
57 ,Stick Fight: The Game,6.8
57 ,Ultimate Chicken Horse,6.7
57 ,The Escapists 2,6.2
57 ,Line of Sight,5.6
57 ,Realm Royale,5.5
57 ,Tom Clancy's Rainbow Six Siege,5
57 ,Hand Simulator,4.7
57 ,Robocraft,4.6
57 ,Dead Island Riptide Definitive Edition,4.2
57 ,Portal 2,4.2
57 ,Dead by Daylight,4
57 ,Door Kickers,3.8
57 ,Portal Stories: Mel,3.4
57 ,BRAIN / OUT,3.3
57 ,Deceit,3.3
57 ,Tanki X,3.2
57 ,Wallpaper Engine,3.1
57 ,Crossout,2.5
57 ,Tomb Raider,2.4
57 ,King of the Couch: Zoovival,2.3
57 ,BattleRush,2.1
57 ,Secret Neighbor Beta,1.9
57 ,SurvivalZ Battlegrounds,1.8
57 ,PLAYERUNKNOWN'S BATTLEGROUNDS,1.8
57 ,Double Action: Boogaloo,1.7
57 ,Z1 Battle Royale,1.6
57 ,Resident Evil 6 / Biohazard 6,1.5
57 ,Rocket League,1.5
57 ,Destiny 2,1.1
57 ,Loadout,1.1
57 ,Magicka,0.8
57 ,Dirty Bomb,0.8
57 ,VRChat,0.8
57 ,Counter-Strike Nexon: Studio,0.8
57 ,Friday the 13th: Killer Puzzle,0.7
57 ,Hide and Shriek,0.6
57 ,Synergy,0.6
57 ,Galactic Junk League,0.4
57 ,Fallout Shelter,0.3
57 ,A Story About My Uncle,0.2
57 ,Battlerite,0.1
58 ,World of Tanks Blitz,66
58 ,Counter-Strike: Global Offensive,2743
58 ,PLAYERUNKNOWN'S BATTLEGROUNDS,59
58 ,The Long Dark,23
58 ,Garry's Mod,14.6
58 ,Age of Empires® III: Complete Collection,12.5
58 ,Business Tour - Online Multiplayer Board Game,5
58 ,Rising Storm 2: Vietnam,4.8
58 ,Human: Fall Flat,4.7
58 ,Zup! 8,2.3
58 ,Mount & Blade: Warband,2.3
58 ,Zup! X,2.2
58 ,Zup! S,1.7
58 ,Metin2,1.2
58 ,GRID 2,0.7
58 ,PAYDAY 2,0.3
58 ,Dota 2,0.2
59 ,Dota 2,6.4
60 ,Terraria,29
60 ,Cities: Skylines,0.3
61 ,MONSTER HUNTER: WORLD,340
61 ,The Witcher 3: Wild Hunt,80
61 ,Slay the Spire,33
61 ,Left 4 Dead 2,23
61 ,Human: Fall Flat,7.4
61 ,Lost Castle,1.9
61 ,Ring of Elysium,1.2
61 ,Dota 2,0.5
61 ,Insurgency,0.1
62 ,Counter-Strike: Global Offensive,2831
62 ,Crossout,128
62 ,Paladins,15.6
62 ,PlanetSide 2,2.1
62 ,Black Squad,1.6
62 ,Dirty Bomb,0.7
62 ,Dota 2,0.6
63 ,Counter-Strike: Global Offensive,2481
63 ,NARUTO TO BORUTO: SHINOBI STRIKER,68
63 ,Grand Theft Auto V,56
63 ,PLAYERUNKNOWN'S BATTLEGROUNDS,51
63 ,WWE 2K19,44
63 ,Paladins,30
63 ,Tom Clancy's Rainbow Six Siege,22
63 ,NBA 2K18,5.9
63 ,Call of Duty: Black Ops II - Multiplayer,4.3
63 ,Blackwake,3.4
63 ,Fallout Shelter,3.2
63 ,Terraria,2.6
63 ,Hand Simulator,2.4
63 ,Business Tour - Online Multiplayer Board Game,2.2
63 ,Black Squad,1.9
63 ,VRChat,1.7
63 ,Dead by Daylight,1.5
63 ,Mount Your Friends,1.3
63 ,Ring of Elysium,1
63 ,HITMAN™,0.7
63 ,Call of Duty: Black Ops II,0.7
63 ,Brawlhalla,0.1
64 ,Don't Starve,251
64 ,Don't Starve Together,6.2
64 ,Farm Together,0.2
65 ,Terraria,50
65 ,Bloons TD Battles,10.8
65 ,SORE,3.3
65 ,Counter-Strike: Global Offensive,2.1
65 ,Fallout Shelter,1.7
65 ,Clicker Heroes,1.2
65 ,Bendy and the Ink Machine,0.4
65 ,Team Fortress 2,0.4
65 ,Destiny 2,0.3
65 ,Istrolid,0.3
65 ,AdVenture Capitalist,0.2
65 ,Misfire,0.1
66 ,Dota 2,710
66 ,Counter-Strike: Global Offensive,227
66 ,Realm Royale,33
66 ,Left 4 Dead 2,12.6
67 ,Rust,215
67 ,Clicker Heroes,177
67 ,Terraria,103
67 ,Bloons TD 6,27
67 ,Geometry Dash,21
67 ,Grand Theft Auto V,17.2
67 ,UNO,16.2
67 ,ARK: Survival Evolved,13.6
67 ,Subnautica,8.1
67 ,Counter-Strike: Global Offensive,6.4
67 ,Getting Over It with Bennett Foddy,1.1
68 ,PLAYERUNKNOWN'S BATTLEGROUNDS,1300
68 ,Counter-Strike: Global Offensive,1192
68 ,Tom Clancy's Rainbow Six Siege,679
68 ,Grand Theft Auto V,255
68 ,Garry's Mod,228
68 ,Unturned,147
68 ,Rust,115
68 ,Grand Theft Auto IV,78
68 ,Just Survive,70
68 ,Z1 Battle Royale,47
68 ,Left 4 Dead 2,19.9
68 ,Team Fortress 2,15
68 ,NARUTO SHIPPUDEN: Ultimate Ninja STORM 4,11.3
68 ,Deceit,6.6
68 ,Angvik,6
68 ,Supraball,5.4
68 ,Wallpaper Engine,4.4
68 ,PAYDAY 2,4.2
68 ,Heroes & Generals,2.9
68 ,Trove,1.6
68 ,theHunter Classic,0.8
68 ,Black Squad,0.8
68 ,Dota 2,0.7
68 ,Totally Accurate Battlegrounds,0.6
68 ,Bloons TD Battles,0.4
68 ,War of the Roses,0.3
68 ,World of Tanks Blitz,0.1
68 ,Robocraft,0.1
69 ,Warframe,737
69 ,Grand Theft Auto V,552
69 ,Garry's Mod,530
69 ,Terraria,324
69 ,Destiny 2,252
69 ,Trove,237
69 ,Left 4 Dead 2,164
69 ,MONSTER HUNTER: WORLD,112
69 ,Tom Clancy's Rainbow Six Siege,96
69 ,Stardew Valley,68
69 ,Wallpaper Engine,54
69 ,For Honor,51
69 ,Don't Starve Together,41
69 ,Black Squad,41
69 ,Pixel Worlds,36
69 ,Unturned,32
69 ,PLAYERUNKNOWN'S BATTLEGROUNDS,27
69 ,Viscera Cleanup Detail,27
69 ,Robocraft,13
69 ,ARK: Survival Evolved,12.7
69 ,Prominence Poker,12.4
69 ,Team Fortress 2,12.2
69 ,Mirror,12.2
69 ,Katana ZERO,9.8
69 ,Dead by Daylight,9.8
69 ,Wizard of Legend,9.3
69 ,theHunter: Primal,9.1
69 ,A Dance of Fire and Ice,8.2
69 ,Warface,8.1
69 ,The Binding of Isaac: Rebirth,7.3
69 ,The Crew 2,5.7
69 ,Assassin's Creed Unity,5.7
69 ,Prison Architect,5.5
69 ,Never Split the Party,5
69 ,Portal 2,4.9
69 ,Age of Empires II: Definitive Edition,3.8
69 ,War Thunder,3.8
69 ,Dota 2,3.8
69 ,Don't Starve,3.7
69 ,DiRT Rally,3.1
69 ,PAYDAY 2,3
69 ,Lost,2.9
69 ,Borderlands 2,1.9
69 ,West Sweety,1.8
69 ,Dying Light,1.6
69 ,Vanquish,1.1
69 ,Cities: Skylines,1
69 ,Eroico,0.8
69 ,Breeders of the Nephelym: Alpha,0.2
69 ,theHunter Classic,0.2
70 ,Dota 2,1570
70 ,Portal Knights,26
70 ,Richman10,22
70 ,Don't Starve Together,18.4
70 ,Dota Underlords,14.4
70 ,Brawlhalla,9.9
70 ,Alien Swarm: Reactive Drop,2.2
70 ,Counter-Strike: Global Offensive,1.5
71 ,Albion Online,2041
71 ,Garry's Mod,2040
71 ,SMITE,890
71 ,Black Desert Online,862
71 ,Dota 2,583
71 ,Warframe,370
71 ,Terraria,246
71 ,Rust,221
71 ,Borderlands 2,205
71 ,Trove,176
71 ,Grand Theft Auto V,169
71 ,The Forest,161
71 ,Counter-Strike: Global Offensive,153
71 ,Unturned,116
71 ,Realm of the Mad God,111
71 ,Tom Clancy's Rainbow Six Siege,111
71 ,Don't Starve Together,104
71 ,The Elder Scrolls V: Skyrim,100
71 ,Path of Exile,93
71 ,Team Fortress 2,83
71 ,Neverwinter,72
71 ,Raft,69
71 ,Robocraft,67
71 ,The Elder Scrolls V: Skyrim Special Edition,66
71 ,ShellShock Live,60
71 ,For Honor,55
71 ,Mount & Blade: Warband,52
71 ,War Thunder,51
71 ,The Escapists 2,36
71 ,VRChat,36
71 ,Banished,34
71 ,Paladins,32
71 ,Risk of Rain 2,29
71 ,Warhammer: Vermintide 2,27
71 ,Castle Crashers,26
71 ,PAYDAY 2,23
71 ,Battlerite,22
71 ,Golf With Your Friends,20
71 ,Papers  Please,19.3
71 ,Tom Clancy's Ghost Recon® Wildlands,18.9
71 ,Brawlhalla,17.7
71 ,EverQuest II,16.4
71 ,Warface,15.6
71 ,Dead by Daylight,14.5
71 ,Creativerse,14.1
71 ,Pirates  Vikings  & Knights II,12.3
71 ,Bloons TD Battles,12.1
71 ,AirMech Strike,11.5
71 ,Left 4 Dead 2,10.8
71 ,Mortal Kombat X,10.5
71 ,Rocket League,10.3
71 ,Dungeon Defenders II,10.1
71 ,Conan Exiles,9.7
71 ,Borderlands: The Pre-Sequel,9.5
71 ,CastleMiner Z,9.3
71 ,PlanetSide 2,9.3
71 ,Guns of Icarus Alliance,8.7
71 ,Guns of Icarus Online,8.6
71 ,Orcs Must Die! 2,8
71 ,Deceit,8
71 ,Bendy and the Ink Machine,7.3
71 ,Hounds: The Last Hope,7.2
71 ,The Witcher 3: Wild Hunt,6.8
71 ,The Lord of the Rings Online™,6.5
71 ,Geometry Dash,5.3
71 ,Art of War: Red Tides,5.1
71 ,Worms Revolution,4.6
71 ,Cloud Pirates,4.3
71 ,Stardew Valley,4.2
71 ,Riders of Icarus,4.2
71 ,Orcs Must Die! Unchained,4
71 ,Codename CURE,4
71 ,Portal 2,3.9
71 ,WildStar,3.7
71 ,Quake Champions,3.4
71 ,Oh...Sir! The Insult Simulator,3.3
71 ,Dirty Bomb,3.2
71 ,Dead Frontier 2,3.2
71 ,Alien Swarm: Reactive Drop,3.2
71 ,Magicite,3.2
71 ,MINDNIGHT,3.1
71 ,BrainBread 2,3
71 ,Ultimate Custom Night,2.9
71 ,Totally Accurate Battlegrounds,2.9
71 ,Chivalry: Medieval Warfare,2.7
71 ,Full Metal Furies,2.7
71 ,Eldevin,2.6
71 ,Gone Home,2.6
71 ,Stick Fight: The Game,2.5
71 ,Risk of Rain,2.5
71 ,Governor of Poker 3,2.4
71 ,Learn to Fly 3,2.4
71 ,Gauntlet™ ,2.4
71 ,HEX: Shards of Fate,2.3
71 ,TERA,2
71 ,UNO,1.9
71 ,Fistful of Frags,1.7
71 ,Novus Inceptio,1.7
71 ,HELLDIVERS™,1.6
71 ,Montaro,1.6
71 ,Wallpaper Engine,1.6
71 ,scram,1.5
71 ,Gear Up,1.5
71 ,Emily is Away,1.4
71 ,Total War Battles: KINGDOM,1.4
71 ,Five Nights at Freddy's: Sister Location,1.2
71 ,Murder Miners,1.2
71 ,Metin2,1.1
71 ,BRAIN / OUT,1.1
71 ,ONRAID,1.1
71 ,Clicker Heroes,1
71 ,World of Tanks Blitz,1
71 ,Tactical Intervention,1
71 ,Ring of Elysium,1
71 ,Genital Jousting,0.9
71 ,Mount Your Friends,0.9
71 ,Crossout,0.8
71 ,Coloring Pixels,0.8
71 ,Hunger Dungeon,0.8
71 ,Desert Bus VR,0.8
71 ,SCP: Secret Laboratory,0.8
71 ,EVE Online,0.7
71 ,Strife,0.7
71 ,Imperial Glory,0.7
71 ,Zeus' Battlegrounds,0.7
71 ,Rec Room,0.6
71 ,Conqueror's Blade,0.6
71 ,Eden Rising,0.6
71 ,Fallout Shelter,0.6
71 ,Argo,0.6
71 ,Evolve Stage 2,0.6
71 ,Anomaly Zone,0.6
71 ,Secret World Legends,0.6
71 ,High Octane Drift,0.5
71 ,Skyforge,0.5
71 ,theHunter Classic,0.5
71 ,ArcheAge,0.5
71 ,Devilian,0.5
71 ,Awesomenauts,0.5
71 ,RPG MO,0.5
71 ,GRID 2,0.4
71 ,School of Dragons: How to Train Your Dragon,0.4
71 ,Primal Carnage,0.4
71 ,1982,0.4
71 ,Moonbase Alpha,0.4
71 ,No More Room in Hell,0.4
71 ,Time of Dragons,0.4
71 ,Last Man Standing,0.4
71 ,Gods and Idols,0.4
71 ,Freddy Fazbear's Pizzeria Simulator,0.4
71 ,ARK: Survival Of The Fittest,0.3
71 ,The Expendabros,0.3
71 ,Trimmer Tycoon,0.3
71 ,Golf It!,0.3
71 ,Tabletopia,0.3
71 ,Maelstrom,0.3
71 ,Dragon Nest,0.3
71 ,Spiral Knights,0.3
71 ,Dungeonland,0.3
71 ,Helmet Heroes,0.3
71 ,SAS: Zombie Assault 4,0.3
71 ,Borderlands GOTY,0.3
71 ,Block N Load,0.3
71 ,Of Guards And Thieves,0.3
71 ,Destiny 2,0.3
71 ,Kingdom: Classic,0.2
71 ,Survarium,0.2
71 ,Realm Grinder,0.2
71 ,Toribash,0.2
71 ,Wizard101,0.2
71 ,Zombie Panic! Source,0.2
71 ,Vindictus,0.2
71 ,Aim Lab,0.2
71 ,Nomad,0.2
71 ,MapleStory 2,0.2
71 ,Zeal,0.1
71 ,Struckd - 3D Game Creator,0.1
71 ,BallisticNG,0.1
71 ,Immersion Chess,0.1
71 ,Age of Conan: Unchained,0.1
71 ,Idle Champions of the Forgotten Realms,0.1
71 ,Strike.is: The Game,0.1
71 ,Mitos.is: The Game,0.1
71 ,Atlas Reactor,0.1
71 ,Shardbound,0.1
72 ,Dota 2,2.1
72 ,Counter-Strike: Global Offensive,488
72 ,Terraria,437
72 ,Robocraft,385
72 ,Enter the Gungeon,355
72 ,The Binding of Isaac: Rebirth,80
72 ,Besiege,39
72 ,Portal 2,33
72 ,The Binding of Isaac,29
72 ,MachineCraft,19.2
72 ,Garry's Mod,18.6
72 ,Never Split the Party,11.8
72 ,Creativerse,10
72 ,World of Tanks Blitz,5
72 ,Car Mechanic Simulator 2018,4
72 ,Left 4 Dead 2,3.9
72 ,Skullgirls,3.2
72 ,Fistful of Frags,2.7
72 ,Dota 2,2
72 ,Albion Online,2
72 ,Portal Stories: Mel,1.4
72 ,Teeworlds,1
72 ,Thinking with Time Machine,0.7
72 ,Unturned,0.7
72 ,Team Fortress 2,0.5
72 ,World of Guns: Gun Disassembly,0.5
72 ,Fuse,0.4
72 ,Hunger Dungeon,0.2
72 ,Car Mechanic Simulator 2014,0.2
72 ,Paladins,0.2
72 ,BRAIN / OUT,0.1
72 ,Strike.is: The Game,0.1
73 ,Dota 2,2814
73 ,Tomb Raider,32
73 ,Half-Life 2,18.9
73 ,MURDERED: SOUL SUSPECT™,14.7
73 ,Portal,14.2
73 ,Half-Life,13.8
73 ,Portal 2,13.4
73 ,Half-Life 2: Episode Two,8.8
73 ,Half-Life: Opposing Force,6.8
73 ,Half-Life 2: Episode One,6.3
73 ,Half-Life: Blue Shift,4
73 ,Half-Life: C.A.G.E.D.,2.8
73 ,Left 4 Dead,2.2
73 ,Dota Underlords,2.2
73 ,Unturned,2.6
73 ,Loadout,2
73 ,Tactical Intervention,1.5
74 ,PLAYERUNKNOWN'S BATTLEGROUNDS,314
74 ,Tom Clancy's Rainbow Six Siege,131
74 ,Dota 2,108
74 ,Z1 Battle Royale,41
74 ,Stardew Valley,39
74 ,Borderlands 2,31
74 ,My Time At Portia,30
74 ,Subnautica,27
74 ,Wallpaper Engine,25
74 ,Assassin's Creed II,22
74 ,Dead Cells,21
74 ,The Long Dark,14
74 ,Warhammer: Vermintide 2,10.3
74 ,Dota Underlords,7.8
74 ,Dying Light,4.8
74 ,No Man's Sky,4.2
74 ,Human: Fall Flat,3.9
74 , Sands of Salzaar,3.5
74 ,Hobo: Tough Life,3.3
74 ,Assassin's Creed IV Black Flag,2.3
74 ,Battlerite,1.9
74 ,Gang Beasts,1
74 ,Zombie Army Trilogy,0.7
74 ,Ring of Elysium,0.5
75 ,Dota 2,6.3
76 ,Rocket League,402
76 ,Z1 Battle Royale,6.7
76 ,Realm Royale,0.8
77 ,PLAYERUNKNOWN'S BATTLEGROUNDS,1048
77 ,Euro Truck Simulator 2,307
77 ,Grand Theft Auto V,280
77 ,F1 2018,4.2
77 ,Counter-Strike: Global Offensive,3.1
77 ,Witch It,0.9
78 ,Counter-Strike: Global Offensive,673
78 ,CPUCores :: Maximize Your FPS,260
78 ,Tom Clancy's Rainbow Six Siege,256
78 ,Black Desert,203
78 ,Euro Truck Simulator 2,30
78 ,Human: Fall Flat,9.9
78 ,Town of Salem,9.5
78 ,Warframe,3.6
78 ,Brawlhalla,2.7
78 ,Friday the 13th: The Game,2.7
78 ,Need for Speed: Hot Pursuit,2.7
78 ,The Witcher 3: Wild Hunt,2.4
78 ,Wallpaper Engine,2
78 ,Soundpad,1.8
78 ,Easy eSports,1
78 ,Domina,0.7
78 ,Tower Unite,0.7
78 ,Insurgency,0.7
78 ,Paladins,0.6
78 ,Slash It 2,0.4
78 ,Half-Life 2: Deathmatch,0.3
78 ,Papers  Please - The Short Film,0.2
78 ,Hentai Girl,0.1
78 ,Business Tour - Online Multiplayer Board Game,0.1
79 ,PLAYERUNKNOWN'S BATTLEGROUNDS,1082
79 ,Z1 Battle Royale,320
79 ,Dota 2,278
79 ,Wallpaper Engine,40
79 ,The Forest,38
79 ,Risk of Rain 2,30
79 ,Dota Underlords,12
79 ,Human: Fall Flat,11.5
79 ,Deceit,8.8
79 ,Counter-Strike: Global Offensive,7.7
79 ,Tom Clancy's The Division,4
79 ,Witch It,2.4
79 ,Pummel Party,1.9
79 ,Yu-Gi-Oh! Duel Links,0.1
80 ,Don't Starve Together,33
80 ,Life is Strange™,28
80 ,Left 4 Dead 2,24
80 ,Material Girl,16.2
80 ,Ori and the Blind Forest,15.8
80 ,To the Moon,9.9
80 ,Rise of the Tomb Raider,6
80 ,Grand Theft Auto V,4.4
80 ,Confess My Love,4.3
80 ,Don't Starve,3.8
80 ,Transformice,1.9
80 ,Wallpaper Engine,0.6
80 ,Tomb Raider,3.9
80 ,Paladins,0.2
81 ,Dota 2,3830
81 ,PLAYERUNKNOWN'S BATTLEGROUNDS,736
81 ,Counter-Strike: Global Offensive,33
81 ,Heroes & Generals,22
81 ,Warframe,8.3
81 ,Dead Frontier 2,5.1
81 ,Easy eSports,2.8
81 ,Unturned,2.7
82 ,Counter-Strike: Global Offensive,5474
82 ,Tom Clancy's Rainbow Six Siege,344
82 ,Assassin's Creed Odyssey,193
82 ,Assassin's Creed Origins,131
82 ,Assassin's Creed Syndicate,36
82 ,Grand Theft Auto V,30
82 ,The Witcher 3: Wild Hunt,27
82 ,Ring of Elysium,22
82 ,Dying Light,19
82 ,Counter-Strike: Source,14.6
82 ,ARK: Survival Evolved,13.7
82 ,Rise of the Tomb Raider,12.7
82 ,Tomb Raider,9.7
82 ,Left 4 Dead 2,8.4
82 ,Z1 Battle Royale,6.4
82 ,Assassin's Creed III Remastered,5.6
82 ,Fistful of Frags,5
82 ,3DMark,3.7
82 ,Chinese Parents,3.1
82 ,Steep,3
82 ,Need for Speed: Hot Pursuit,2.9
82 ,Half-Life 2,2.2
82 ,War Thunder,2.1
82 ,Black Squad,1.6
82 ,Dota 2,1
82 ,Material Girl,1
82 ,Warface,1
82 ,Wallpaper Engine,0.9
82 ,DiRT Rally,0.8
82 ,Counter-Strike,0.8
82 ,DEAD OR ALIVE Xtreme Venus Vacation,0.8
82 ,DARK SOULS™ III,0.8
82 ,Evolve Stage 2,0.7
82 ,Hellblade: Senua's Sacrifice,0.7
82 ,Super Seducer 2 : Advanced Seduction Tactics,0.7
82 ,Assassin’s Creed® Chronicles: China,0.5
82 ,Team Fortress 2,0.3
82 ,HITMAN™,0.2
82 ,CS2D,0.2
82 ,Tricolour Lovestory,0.2
82 ,The Awesome Adventures of Captain Spirit,0.1
82 ,H1Z1: Test Server,0.1
83 ,Counter-Strike: Global Offensive,1695
83 ,Dota 2,999
83 ,Z1 Battle Royale,670
83 ,PLAYERUNKNOWN'S BATTLEGROUNDS,651
83 ,Dead by Daylight,495
83 ,MONSTER HUNTER: WORLD,256
83 ,Conan Exiles,166
83 ,Tom Clancy's Rainbow Six Siege,57
83 ,Red Dead Redemption 2,39
83 ,Grand Theft Auto V,27
83 ,Depth,13.2
83 ,Dota Underlords,12.2
83 ,Stardew Valley,11.1
83 ,Gremlins  Inc.,10.9
83 ,Tricky Towers,8.7
83 ,Prison Architect,7.9
83 ,Human: Fall Flat,7.1
83 ,Just Survive,6.8
83 ,H1Z1: Test Server,6.3
83 ,Gang Beasts,6
83 ,Don't Starve Together,6
83 ,Battlerite,5
83 ,Rento Fortune - Multiplayer Board Game,4.7
83 ,Pummel Party,4.1
83 ,Richman10,3.2
83 ,Sniper Elite 4,3.2
83 ,Left 4 Dead 2,2.9
83 ,NBA 2K18,2.1
83 ,ASTRONEER,1.9
83 ,Wallpaper Engine,1.8
83 ,Team Fortress 2,1.3
83 ,Mark of the Ninja,1.1
83 ,Spelunky,1.1
83 ,Deceit,1
83 ,Insurgency,1
83 ,THE KING OF FIGHTERS XIV STEAM EDITION,0.8
83 ,For Honor,0.6
83 ,Factorio,0.5
83 ,PAYDAY 2,0.5
83 ,Peekaboo,0.5
83 ,Street Fighter V,0.5
83 ,resident evil 4 / biohazard 4,0.2
83 ,Raft,0.2
83 ,Cities: Skylines,0.2
84 ,PLAYERUNKNOWN'S BATTLEGROUNDS,293
84 ,Grand Theft Auto V,166
84 ,Left 4 Dead 2,37
84 ,Prototype,25
84 ,ICEY,17.7
84 ,Counter-Strike: Global Offensive,16.6
84 ,Borderlands 2,9.3
84 ,BioShock Infinite,8.8
84 ,Resident Evil Revelations / Biohazard Revelations,8.1
84 ,Warframe,8
84 ,Killing Floor 2,7.6
84 ,Plague Inc: Evolved,5.3
84 ,Firewatch,4.8
84 ,Lost Castle,3.8
84 ,Ballistic Overkill,3.5
84 ,Sins of a Solar Empire: Rebellion,3.2
84 ,Left 4 Dead,3.1
84 ,Tomb Raider,2.5
84 ,Half-Life 2,2.5
84 ,Fallout 4,2.4
84 ,The Witcher 3: Wild Hunt,1.9
84 ,Half-Life 2: Deathmatch,1.7
84 ,DreadOut: Keepers of The Dark,1.4
84 ,Rise of the Tomb Raider,1.2
84 ,Half-Life 2: Lost Coast,1.1
84 ,The Elder Scrolls V: Skyrim Special Edition,0.8
84 ,Resident Evil 5 / Biohazard 5,0.8
84 ,Home Behind,0.7
84 ,PROTOTYPE 2,0.6
84 ,Assassin's Creed IV Black Flag,0.5
84 ,Resident Evil Revelations 2 / Biohazard Revelations 2,0.4
84 ,DOOM,0.3
84 ,Rebel Galaxy,0.2
84 ,Half-Life 2: Episode One,0.2
84 ,DreadOut,0.2
84 ,Zasa - An AI Story,0.1
85 ,Dota 2,870
85 ,Stardew Valley,68
85 ,Undertale,1.7
85 ,Human: Fall Flat,0.1
86 ,Dota 2,1182
86 ,Counter-Strike Nexon: Studio,0.2
87 ,Dota 2,524
87 ,Black Squad,78
88 ,PLAYERUNKNOWN'S BATTLEGROUNDS,216
88 ,Terraria,45
88 ,Portal Knights,30
88 ,How to Survive 2,13.4
88 ,Ring of Elysium,1
89 ,Counter-Strike: Global Offensive,2355
89 ,Sid Meier's Civilization VI,105
89 ,PLAYERUNKNOWN'S BATTLEGROUNDS,34
89 ,Euro Truck Simulator 2,18.1
89 ,7 Days to Die,16.3
89 ,Ring of Elysium,3.7
89 ,UNO,2.4
89 ,Light Bearers,1.3
89 ,We Were Here,1
89 ,Golf With Your Friends,1
89 ,Hand Simulator,0.4
89 ,Zombie Panic! Source,0.4
90 ,Counter-Strike: Global Offensive,293
90 ,Dota 2,210
90 ,Fallout 4,171
90 ,PLAYERUNKNOWN'S BATTLEGROUNDS,106
90 ,The Forest,41
90 ,POSTAL 2,25
90 ,Worms Clan Wars,19.6
90 ,Grand Theft Auto IV,16.8
90 ,Garry's Mod,8.2
90 ,Dying Light,3.2
90 ,Team Fortress 2,0.7
91 ,Counter-Strike: Global Offensive,123
91 ,PAYDAY 2,18.2
91 ,Business Tour - Online Multiplayer Board Game,10.5
91 ,Paladins,3.9
91 ,Zula Europe,1
91 ,SCP: Secret Laboratory,0.6
92 ,WRC 7,185
92 ,Wallpaper Engine,140
92 ,Unturned,46
92 ,Amazing Cultivation Simulator,44
92 ,War Thunder,39
92 ,World of Tanks Blitz,20
92 ,DiRT Rally,17.2
92 ,Yokai's Secret,1.2
93 ,Counter-Strike: Global Offensive,854
93 ,Rocket League,249
93 ,Grand Theft Auto V,54
93 ,PLAYERUNKNOWN'S BATTLEGROUNDS,49
93 ,Garry's Mod,38
93 ,Euro Truck Simulator 2,22
93 ,Far Cry® 3,19.2
93 ,Brawlhalla,10.4
93 ,Don't Starve Together,9.3
93 ,Tower Unite,9.2
93 ,PAYDAY 2,8.8
93 ,Business Tour - Online Multiplayer Board Game,7.7
93 ,Outlast,6.9
93 ,Sniper Elite 3,5.7
93 ,NBA 2K19,3.4
93 ,Raft,3.2
93 ,Terraria,2.8
93 ,Borderlands 2,1.9
93 ,Mortal Kombat: Legacy: Scorpion and Sub-Zero (Part 2),1.9
93 ,Friday the 13th: The Game,1.4
93 ,Z1 Battle Royale,1.2
93 ,Zula Online,0.9
93 ,The Forest,0.8
93 ,Heroes & Generals,0.5
93 ,Transformice,0.4
93 ,Warface Turkey,0.3
93 ,Mortal Kombat: Legacy,0.2
94 ,Dota 2,6.5
95 ,PLAYERUNKNOWN'S BATTLEGROUNDS,942
95 ,Dota 2,0.2
96 ,Counter-Strike: Global Offensive,456
96 ,PLAYERUNKNOWN'S BATTLEGROUNDS,228
96 ,For Honor,49
96 ,Batman: The Enemy Within - The Telltale Series,25
96 ,The Walking Dead: The Final Season,21
96 ,Batman - The Telltale Series,16.9
96 ,Call of Duty: Black Ops,16.1
96 ,Ring of Elysium,15.7
96 ,Tom Clancy's Splinter Cell Blacklist,14
96 ,The Walking Dead: A New Frontier,12.5
96 ,The Walking Dead,12.1
96 ,Business Tour - Online Multiplayer Board Game,8.7
96 ,The Walking Dead: Season Two,8.5
96 ,Wallpaper Engine,5
96 ,Garry's Mod,2.8
96 ,Heroes & Generals,2.3
96 ,Black Squad,1.4
96 ,Battlerite,0.8
96 ,Unturned,0.5
96 ,Warface,0.5
96 ,VRChat,0.3
96 ,Call of Duty: Black Ops - Multiplayer,0.2
97 ,Dead by Daylight,553
97 ,Soundpad,505
97 ,Paladins,195
97 ,PLAYERUNKNOWN'S BATTLEGROUNDS,142
97 ,Black Desert,142
97 ,Farm Together,118
97 ,KurtzPel,89
97 ,Riders of Icarus,64
97 ,Dota 2,55
97 ,Shadow of the Tomb Raider,54
97 ,Rise of the Tomb Raider,41
97 ,Shop Heroes,30
97 ,The Forest,18
97 ,Town of Salem,11.8
97 ,Business Tour - Online Multiplayer Board Game,11.6
97 ,Party Panic,10.8
97 ,Battlerite Royale,9.4
97 ,Counter-Strike: Global Offensive,9.2
97 ,Human: Fall Flat,7.3
97 ,Warframe,4.9
97 ,Borderlands 2,3.7
97 ,Never Split the Party,3.7
97 ,Battlerite,1.4
97 ,Left 4 Dead 2,1.4
97 ,Pacify,1.1
97 ,Blackwake,1
97 ,Brawlhalla,0.6
97 ,Friday the 13th: The Game,0.5
97 ,Florensia,0.3
97 ,BombTag,0.1
98 ,PLAYERUNKNOWN'S BATTLEGROUNDS,1425
98 ,Rust,298
98 ,Z1 Battle Royale,209
98 ,Dead by Daylight,37
98 ,Portal Knights,19.6
98 ,PAYDAY 2,17.3
98 ,The Forest,16
98 ,No Man's Sky,12.1
98 ,Counter-Strike: Global Offensive,1.3
98 ,Dota 2,1.2
98 ,Unturned,1.2
98 ,Deceit,1
98 ,Ring of Elysium,0.6
98 ,H1Z1: Test Server,0.1
99 ,Dota 2,662
99 ,Counter-Strike: Global Offensive,10
99 ,Infestation: The New Z,0.6
100 ,Dota 2,324
100 ,Wallpaper Engine,62
100 ,Ring of Elysium,27
100 ,Dead by Daylight,17.5
100 ,Counter-Strike: Global Offensive,11.6
100 ,Warframe,2.6
100 ,Mirror,1.8
100 ,Team Fortress 2,1.4
100 ,Insurgency,0.6
100 ,Star Conflict,0.4
100 ,Alien Swarm: Reactive Drop,0.2
100 ,Free to Play,0.1
101 ,Piercing Blow,1997
101 ,Counter-Strike: Global Offensive,71
101 ,Black Squad,26
101 ,Zula Europe,25
101 ,Euro Truck Simulator 2,15.2
101 ,Paladins,10.2
101 ,Warface,2.6
101 ,Call of Duty: Modern Warfare 3,1.9
101 ,EVE Online,1.1
101 ,Ring of Elysium,0.3
101 ,Call of Duty: Modern Warfare 3 - Multiplayer,0.3
102 ,Tom Clancy's Rainbow Six Siege,265
102 ,Grand Theft Auto V,39
102 ,Don't Starve Together,26
102 ,Euro Truck Simulator 2,24
102 ,Human: Fall Flat,23
102 ,Getting Over It with Bennett Foddy,17.9
102 ,Counter-Strike: Global Offensive,11.8
102 ,Soul Island,5.1
102 ,Peekaboo,4.5
102 ,RaceRoom Racing Experience ,4.3
102 ,Super Animal Royale,1.9
102 ,Pacify,1.3
102 ,PLAYERUNKNOWN'S BATTLEGROUNDS,1.1
102 ,Heave Ho,1.1
102 ,Heroes & Generals,0.7
102 ,Glory of the Self-Styled Diehard girl,0.4
102 ,Team Fortress 2,0.2
102 ,RUSSIA BATTLEGROUNDS,0.2
103 ,Team Fortress 2,1730
103 ,Garry's Mod,221
103 ,Robocraft,140
103 ,Counter-Strike: Global Offensive,97
103 ,Toribash,55
103 ,Portal 2,41
103 ,Teeworlds,35
103 ,Source Filmmaker,33
103 ,Unturned,32
103 ,WAKFU,30
103 ,ARK: Survival Evolved,29
103 ,Paladins,27
103 ,Altitude,17.7
103 ,Blender,16.9
103 ,Gang Beasts,13.6
103 ,Goat Simulator,11.7
103 ,Octodad: Dadliest Catch,9.8
103 ,Transformice,9.4
103 ,Getting Over It with Bennett Foddy,6.4
103 ,scram,6.1
103 ,A Story About My Uncle,6
103 ,VRChat,5.4
103 ,Move or Die,3.6
103 ,ShellShock Live,2.7
103 ,Gear Up,2.6
103 ,Star Conflict,2.6
103 ,Guns of Icarus Online,2.4
103 ,I am Bread,2.3
103 ,The Stanley Parable,2.3
103 ,Godot Engine,1.9
103 ,Brawlhalla,1.3
103 ,Fishing Planet,1.1
103 ,McOsu,1
103 ,Galcon 2,1
103 ,Realm Royale,1
103 ,Akaneiro: Demon Hunters,0.8
103 ,Thinking with Time Machine,0.7
103 ,CreativeDestruction,0.7
103 ,Supraball,0.5
103 ,Warfork,0.4
103 ,Holy Potatoes! A Weapon Shop?!,0.4
103 ,Dota 2,0.3
103 ,HYPERFIGHT,0.3
103 ,Trove,0.3
103 ,Krosmaster Arena,0.2
103 ,The Way of Life Free Edition,0.2
103 ,Battlerite Royale,0.2
103 ,Draw Slasher,0.2
104 ,Grand Theft Auto V,41
104 ,Wallpaper Engine,41
104 ,Blender,6
104 ,FlowScape,5.6
104 ,BUILD,3.8
104 ,Event Horizon,2
104 ,ICEY,2
104 ,Team Fortress 2,1.7
104 ,Pixel Studio for pixel art,0.8
104 ,Dota Underlords,0.5
104 ,World of Warships,0.5
105 ,Dota 2,352
106 ,The Binding of Isaac: Rebirth,378
106 ,Enter the Gungeon,77
106 ,Slay the Spire,55
106 ,Warframe,52
106 ,Clicker Heroes,50
106 ,Plague Inc: Evolved,26
106 ,TERA,15.4
106 ,MechWarrior Online,10.9
106 ,Wandersong,10.7
106 ,WAKFU,7.7
106 ,Magic Duels,7.5
106 ,Bloons TD Battles,5.8
106 ,Sonic Mania,2.2
106 ,Yu-Gi-Oh! Duel Links,0.5
106 ,Bit Heroes,0.1
107 ,PLAYERUNKNOWN'S BATTLEGROUNDS,765
107 ,Counter-Strike: Global Offensive,657
107 ,Z1 Battle Royale,87
107 ,Human: Fall Flat,15.7
107 ,Destiny 2,13.3
107 ,Wallpaper Engine,10.6
107 ,Richman10,5.6
107 ,Rento Fortune - Multiplayer Board Game,3.7
107 ,60 Seconds!,2
107 ,Dota 2,0.9
108 ,Counter-Strike: Global Offensive,276
108 ,Unturned,63
108 ,PAYDAY 2,47
108 ,Brawlhalla,38
108 ,Terraria,37
108 ,Creativerse,20
108 ,Brawl of Ages,15
108 ,Left 4 Dead 2,9.3
108 ,Easy eSports,7.3
108 ,Dungeon Defenders II,5.9
108 ,Fallout Shelter,3.5
108 ,Deceit,0.9
108 ,Ultimate Custom Night,0.6
108 ,Noise,0.5
108 ,Radical Heroes: Crimson City Crisis,0.2
108 ,Paladins,0.2
108 ,Last Man Standing,0.2
108 ,Metin2,0.1
109 ,Arma 3,1710
109 ,PLAYERUNKNOWN'S BATTLEGROUNDS,981
109 ,Grand Theft Auto V,104
109 ,Counter-Strike: Global Offensive,80
109 ,MudRunner,39
109 ,SCUM,19.8
109 ,Deceit,8.2
109 ,Ring of Elysium,7.7
109 ,Euro Truck Simulator 2,5.3
109 ,Human: Fall Flat,4.2
109 ,Dota 2,3.5
109 ,War Thunder,2.9
109 ,9Dragons: Kung Fu Arena,1.5
109 ,Heroes & Generals,0.6
110 ,Counter-Strike: Global Offensive,290
110 ,Tom Clancy's Rainbow Six Siege,77
110 ,PAYDAY 2,52
110 ,Euro Truck Simulator 2,23
110 ,Portal 2,7.1
110 ,Dead by Daylight,6.2
110 ,Destiny 2,2.8
110 ,Valakas Story,2.7
110 ,Mirror's Edge,2.3
110 ,Warframe,1.9
110 ,Friday the 13th: The Game,1.8
110 ,Dota 2,1.8
110 ,VRChat,1.3
110 ,Fallout Shelter,0.2
111 ,Dota 2,503
111 ,Grand Theft Auto V,319
111 ,For Honor,133
111 ,Dota Underlords,85
111 ,Tom Clancy's Rainbow Six Siege,81
111 ,Total War: WARHAMMER II,71
111 ,Counter-Strike: Global Offensive,56
111 ,PLAYERUNKNOWN'S BATTLEGROUNDS,51
111 ,Total War: THREE KINGDOMS,36
111 ,Total War: WARHAMMER,20
111 ,Sid Meier's Civilization V,20
111 ,Warhammer: Vermintide 2,16.9
111 ,No Man's Sky,16.8
111 ,Hunt: Showdown,14.1
111 ,Sid Meier's Civilization VI,13.1
111 ,Divinity: Original Sin 2,11
111 ,MORDHAU,7.8
111 ,Path of Exile,6.1
111 ,The Elder Scrolls Online,6
111 ,Slay the Spire,5.4
111 ,Wallpaper Engine,5.3
111 ,Don't Starve Together,4.9
111 ,Chinese Parents,4
111 ,MONSTER HUNTER: WORLD,3.9
111 ,Black Desert Online,3.9
111 ,SMITE,3.5
111 ,Stick Fight: The Game,3.3
111 ,The Forest,3.1
111 ,Euro Truck Simulator 2,3
111 ,Terraria,2.8
111 ,Rocket League,2.1
111 ,Human: Fall Flat,1.8
111 ,Garry's Mod,1.6
111 ,Conqueror's Blade,1.4
111 ,Warframe,1.3
111 ,Black Squad,1.3
111 ,PAYDAY 2,0.8
111 ,Kenshi,0.7
111 ,Realm Royale,0.6
111 ,Team Fortress 2,0.6
111 ,Titan Quest Anniversary Edition,0.6
111 ,Hunt: Showdown (Test Server),0.3
111 ,Dirty Bomb,0.1
112 ,Counter-Strike: Global Offensive,182
112 ,Sniper Elite 4,29
112 ,Tomb Raider,11.9
112 ,Half-Life 2,0.9
112 ,Warface,0.8
112 ,Ring of Elysium,0.5
112 ,Metro 2033,0.4
112 ,Insurgency,0.4
112 ,Black Squad,0.3
112 ,Sniper Fury,0.3
112 ,Team Fortress 2,0.2
112 ,For Honor,0.2
112 ,Fistful of Frags,0.2
112 ,Half-Life 2: Lost Coast,0.1
113 ,Counter-Strike: Global Offensive,218
113 ,Terraria,87
113 ,Rise of Nations: Extended Edition,60
113 ,Garry's Mod,38
113 ,Grand Theft Auto V,37
113 ,Wallpaper Engine,33
113 ,Batman: Arkham City GOTY,23
113 ,Batman™: Arkham Knight,21
113 ,Euro Truck Simulator 2,19.6
113 ,Batman™: Arkham Origins,13
113 ,Half-Life 2,10.7
113 ,Brawlhalla,10.6
113 ,Murderous Pursuits,9.6
113 ,Papers  Please,9.6
113 ,Rise of the Tomb Raider,9.6
113 ,Hand Simulator,9.5
113 ,60 Seconds!,9.5
113 ,60 Seconds! Reatomized,9.5
113 ,Left 4 Dead 2,9.3
113 ,The Witcher 3: Wild Hunt,9.2
113 ,Tomb Raider,9.1
113 ,Batman: Arkham Asylum GOTY Edition,8.5
113 ,Age of Mythology: Extended Edition,7.9
113 ,World War II: Panzer Claws,7.6
113 ,Portal 2,7.4
113 ,Hearts of Iron IV,6.8
113 ,BADLAND: Game of the Year Edition,6.7
113 ,This War of Mine,6.4
113 ,Dying Light,6.4
113 ,Human: Fall Flat,6.3
113 ,PAYDAY 2,5.7
113 ,The Witcher 2: Assassins of Kings Enhanced Edition,5.6
113 ,Dying Light: Bad Blood,5.2
113 ,Don't Starve Together,5.2
113 ,Gorky 17,5.1
113 ,Mortal Kombat 11,4.9
113 ,Grand Theft Auto IV,4.3
113 ,Tom Clancy's Rainbow Six Siege,3.4
113 ,Business Tour - Online Multiplayer Board Game,3.4
113 ,Zula Online,3.3
113 ,Broken Dreams,2.4
113 ,Sleeping Valley,2.2
113 ,KurtzPel,1.9
113 ,FRAMED Collection,1.7
113 ,Portal,1.1
113 ,The Witcher: Enhanced Edition,0.8
113 ,Team Fortress 2,0.7
113 ,L.A. Noire,0.7
113 ,Assassin's Creed II,0.5
113 ,Sleeping Dogs: Definitive Edition,0.4
113 ,Grand Theft Auto: San Andreas,0.4
113 ,Counter-Strike: Source,0.4
113 ,Max Payne,0.2
113 ,Grand Theft Auto: Vice City,0.2
113 ,Grand Theft Auto III,0.2
113 ,Max Payne 2: The Fall of Max Payne,0.1
113 ,Bully: Scholarship Edition,0.1
113 ,Half-Life,0.1
113 ,Dota 2,0.1
114 ,PLAYERUNKNOWN'S BATTLEGROUNDS,457
114 ,MONSTER HUNTER: WORLD,206
114 ,Dota 2,21
114 ,Conan Exiles,19.3
114 ,Geometry Dash,10
114 ,Material Girl,5.2
114 ,ICEY,5
114 ,BattleBlock Theater,4.3
114 ,Poly Bridge,3.6
114 ,Battle Royale Trainer,3.4
114 ,Z1 Battle Royale,2.8
114 ,Ring of Elysium,1.4
114 ,Tricolour Lovestory,1.2
114 ,Aim Hero,0.7
114 ,Cities: Skylines,0.2
114 ,Counter-Strike: Global Offensive,0.2
114 ,Totally Accurate Battlegrounds,0.2
115 ,PLAYERUNKNOWN'S BATTLEGROUNDS,4602
115 ,Grand Theft Auto V,232
115 ,NBA 2K17,14.4
115 ,Wallpaper Engine,3.1
115 ,Z1 Battle Royale,0.6
116 ,PLAYERUNKNOWN'S BATTLEGROUNDS,417
116 ,Don't Starve Together,156
116 ,Counter-Strike: Global Offensive,37
116 ,Don't Starve,36
116 ,Lost Castle,35
116 ,Wallpaper Engine,18.7
116 ,Plants vs. Zombies: Game of the Year,6
116 ,60 Seconds!,2.7
116 ,60 Parsecs!,0.7
116 ,Human: Fall Flat,0.7
117 ,PLAYERUNKNOWN'S BATTLEGROUNDS,2375
117 ,Counter-Strike: Global Offensive,24
117 ,Wallpaper Engine,9.3
117 ,Warframe,1.5
117 ,Bierzerkers,0.2
118 ,Euro Truck Simulator 2,1290
118 ,Dota 2,204
118 ,Grand Theft Auto V,124
118 ,Dead by Daylight,108
118 ,For Honor,37
118 ,Bloodstained: Ritual of the Night,35
118 ,Middle-earth™: Shadow of War™,35
118 ,Factorio,25
118 ,Counter-Strike: Global Offensive,22
118 ,Hunt: Showdown,16.2
118 , Sands of Salzaar,15.9
118 ,Tom Clancy's Ghost Recon® Wildlands,15.8
118 ,DAEMON X MACHINA,12.2
118 ,RESIDENT EVIL 7 biohazard / BIOHAZARD 7 resident evil,9.2
118 ,Human: Fall Flat,8.5
118 ,PLAYERUNKNOWN'S BATTLEGROUNDS,6.5
118 ,Devotion,1.6
118 ,Pummel Party,1.1
118 ,Gang Beasts,0.8
118 ,Z1 Battle Royale,0.4
118 ,Lords Of The Fallen,0.2
119 ,Dota 2,399
119 ,World of Warships,15.7
119 ,EVE Online,0.4
120 ,Emporea,11.3
120 ,AION Free-to-Play,8.8
121 ,Dota 2,718
121 ,The Expendabros,2.5
121 ,WARMODE,2.2
121 ,Dota 2,2.1
121 ,Unturned,0.8
122 ,PLAYERUNKNOWN'S BATTLEGROUNDS,553
122 ,Counter-Strike: Global Offensive,361
122 ,Borderlands 2,118
122 ,Dungreed,80
122 ,Wallpaper Engine,60
122 ,Warframe,49
122 ,Z1 Battle Royale,40
122 ,Dishonored 2,39
122 ,Dead Cells,36
122 ,Fallout 4,32
122 ,Sword Art Online: Fatal Bullet,25
122 ,NARUTO SHIPPUDEN: Ultimate Ninja STORM 4,24
122 ,Tales of Zestiria,20
122 ,Plants vs. Zombies: Game of the Year,16.4
122 ,Dishonored,15.8
122 ,Tomb Raider,13.1
122 ,Rise of the Tomb Raider,11
122 ,Chinese Parents,10.4
122 ,The Binding of Isaac,10.1
122 ,KurtzPel,8
122 ,Lords Of The Fallen,6.5
122 ,Beat Da Beat,5.2
122 ,Human: Fall Flat,3.4
122 ,Insurgency,3.2
122 ,Intralism,2.8
122 ,Ring of Elysium,2.6
122 ,Enter the Gungeon,2.4
122 ,METAL SLUG 3,1.7
122 ,THE KING OF FIGHTERS XIII STEAM EDITION,1.6
122 ,METAL SLUG X,1.5
122 ,DmC Devil May Cry,1.4
122 ,METAL SLUG,1.4
122 ,Terraria,1.3
122 ,Unturned,1.2
122 ,The Binding of Isaac: Rebirth,1
122 ,ICEY,0.9
122 ,Need for Speed: Hot Pursuit,0.7
122 ,H1Z1: Test Server,0.5
122 ,The Bug Butcher,0.5
122 ,Left 4 Dead 2,0.4
122 ,Counter-Strike: Condition Zero Deleted Scenes,0.4
122 ,Super Mustache,0.3
122 ,PlanetSide 2,0.2
122 ,64,0.2
123 ,Counter-Strike: Global Offensive,691
123 ,PLAYERUNKNOWN'S BATTLEGROUNDS,239
123 ,Left 4 Dead 2,2.9
123 ,HITMAN™ 2,1.9
123 ,A Story About My Uncle,1.9
123 ,Black Squad,1.6
123 ,Team Fortress 2,1.3
123 ,Dota 2,0.3
124 ,Counter-Strike: Global Offensive,746
124 ,PLAYERUNKNOWN'S BATTLEGROUNDS,302
124 ,Grand Theft Auto V,228
124 ,War Thunder,171
124 ,Watch_Dogs 2,48
124 ,Wallpaper Engine,11
124 ,Left 4 Dead 2,10.8
124 ,Tom Clancy's Rainbow Six Siege,9.9
124 ,Stick Fight: The Game,8.7
124 ,Human: Fall Flat,8.4
124 ,ARK: Survival Evolved,6.7
124 ,Halo: The Master Chief Collection,5.1
124 ,Hand Simulator,4.7
124 ,Warface,3.7
124 ,Need for Speed: Hot Pursuit,3.2
124 ,Far Cry 5,3
124 ,Unturned,2.7
124 ,Rising Storm/Red Orchestra 2 Multiplayer,1.9
124 ,SMITE,1.8
124 ,Arma 3,1.8
124 ,SAO Utils,1.7
124 ,Lost,1.7
124 ,Dying Light,1.5
124 ,Saints Row: The Third,1.5
124 ,Haydee,1.4
124 ,Garry's Mod,1.4
124 ,Sid Meier's Civilization VI,1.2
124 ,FlatOut 2,1.2
124 ,Bastion,1.2
124 ,NEKOPARA Vol. 2,1.1
124 ,Dota 2,1.1
124 ,Rise of the Tomb Raider,1.1
124 ,Depth,1.1
124 ,NEKOPARA Vol. 1,0.9
124 ,Beat Hazard 2,0.9
124 ,Assetto Corsa,0.8
124 ,Hentai Mosaique Fix-IT Shoppe,0.8
124 ,The Expendabros,0.8
124 ,Insurgency,0.8
124 ,符文女孩/Rune Girl,0.7
124 ,Red Dead Redemption 2,0.7
124 ,Portal 2,0.7
124 ,Saints Row IV,0.7
124 ,hot and lovely,0.7
124 ,West Sweety,0.7
124 ,Mirror,0.7
124 ,Undertale,0.6
124 ,Besiege,0.6
124 ,Genital Jousting,0.6
124 ,NEKOPARA Vol. 3,0.5
124 ,Farm Manager 2018,0.4
124 ,Street Fighter V,0.4
124 ,CS2D,0.4
124 ,Miss Neko,0.4
124 ,No Man's Sky,0.4
124 ,Goat Simulator,0.3
124 ,Seek Girl Ⅱ,0.3
124 ,Euro Truck Simulator 2,0.3
124 ,SENRAN KAGURA Burst Re:Newal,0.3
124 ,Seek Girl,0.3
124 ,Taboos: Cracks,0.3
124 ,Plague Inc: Evolved,0.3
124 ,Wet Girl,0.3
124 ,Cortex Command,0.3
124 ,Getting Over It with Bennett Foddy,0.3
124 ,Hentai Girl,0.2
124 ,NEKOPARA Vol. 0,0.2
124 ,Seek Girl Ⅳ,0.2
124 ,Pretty Angel,0.2
124 ,DiRT Rally 2.0,0.2
124 ,Picture toys,0.2
124 ,CATGIRL LOVER 2,0.2
124 ,Totally Accurate Battle Simulator,0.2
124 ,Seek Girl Ⅲ,0.2
124 ,Starlight,0.2
124 ,Cities: Skylines,0.2
124 ,Paunch,0.2
124 ,b,0.1
125 ,Counter-Strike: Global Offensive,3135
125 ,Might & Magic: Heroes VI,116
125 ,Assassin's Creed IV Black Flag,101
125 ,The Witcher 2: Assassins of Kings Enhanced Edition,48
125 ,The Witcher 3: Wild Hunt,40
125 ,Tom Clancy's Splinter Cell Blacklist,33
125 ,Assassin's Creed Rogue,29
125 ,Tom Clancy's Splinter Cell: Conviction,14.6
125 ,Deus Ex: Human Revolution - Director's Cut,6.4
125 ,Watch_Dogs,4.3
125 ,Assassin's Creed Unity,2
126 ,Counter-Strike: Global Offensive,301
126 ,Dying Light,87
126 ,Prey,77
126 ,Far Cry 5,56
126 ,Wallpaper Engine,22
126 ,Mega Man Legacy Collection 2,20
126 ,Mega Man Legacy Collection,12.4
126 ,100% Orange Juice,6.7
126 ,Far Cry Primal,3.2
126 ,Aim Hero,1.3
127 ,PLAYERUNKNOWN'S BATTLEGROUNDS,699
127 ,Human: Fall Flat,12.1
127 ,Dota 2,0.3
128 ,Z1 Battle Royale,0.1
128 ,PLAYERUNKNOWN'S BATTLEGROUNDS,288
128 ,Counter-Strike: Global Offensive,78
128 ,Grand Theft Auto V,43
128 ,Human: Fall Flat,7.9
128 ,Dota 2,0.9
128 ,Warframe,0.7
128 ,Alien Swarm: Reactive Drop,0.3
129 ,Counter-Strike: Global Offensive,534
129 ,Total War: EMPIRE - Definitive Edition,144
129 ,Euro Truck Simulator 2,107
129 ,Total War: ATTILA,96
129 ,Car Mechanic Simulator 2018,50
129 ,Europa Universalis IV,4.7
129 ,Ring of Elysium,1.4
129 ,Bus-Simulator 2012,1.2
129 ,Heroes & Generals,1.1
129 ,Z1 Battle Royale,1.1
129 ,Microsoft Flight Simulator X: Steam Edition,0.5
129 ,HARP,0.4
129 ,Insurgency,0.3
130 ,Counter-Strike: Global Offensive,417
130 ,Dota 2,397
130 ,Unturned,18.6
130 ,Paladins,17.6
130 ,Dota Underlords,10.6
130 ,Team Fortress 2,7.5
130 ,Borderlands 2 RU,6.9
130 ,Warframe,4.1
130 ,KurtzPel,3.8
130 ,Star Crusade CCG,2.6
130 ,Battlerite Royale,1.5
130 ,Spec Ops: The Line,0.8
130 ,Battlerite,0.3
130 ,Borderlands 2,0.2
130 ,Trove,0.1
130 ,Paladins,0.9
130 ,Warframe,0.1
131 ,Dota 2,3441
131 ,Counter-Strike: Global Offensive,2309
131 ,PLAYERUNKNOWN'S BATTLEGROUNDS,155
131 ,Easy eSports,13.8
131 ,Destiny 2,10.6
131 ,UNO,9.5
131 ,The Crew 2,6.3
131 ,Monopoly Plus,1.7
131 ,The Forest,1.5
131 ,PCMark 10,1.1
131 ,PlanetSide 2,0.6
131 ,Deceit,0.5
132 ,Counter-Strike: Global Offensive,600
132 ,Unturned,29
132 ,Paladins,13.1
132 ,Team Fortress 2,6
132 ,Warface,1.4
132 ,Dota 2,0.9
132 ,Ring of Elysium,0.3
133 ,Counter-Strike: Global Offensive,400
133 ,PLAYERUNKNOWN'S BATTLEGROUNDS,77
133 ,Grand Theft Auto V,25
133 ,Dying Light,23
133 ,Tomb Raider,19.9
133 ,Euro Truck Simulator 2,13.5
133 ,Rust,11.1
133 ,Grand Theft Auto IV,10.7
133 ,Zula Online,8.9
133 ,Watch_Dogs 2,7.2
133 ,Counter-Strike: Source,5.9
133 ,BROKE PROTOCOL: Online City RPG,5.3
133 ,How to Survive 2,5.3
133 ,Rise of the Tomb Raider,4.9
133 ,Outlast,4.4
133 ,Saints Row: The Third,4.3
133 ,Rocket League,3.5
133 ,Lucius,3.4
133 ,Grand Theft Auto: San Andreas,3.3
133 ,Argo,3.1
133 ,Z1 Battle Royale,2.8
133 ,Portal,2.7
133 ,Orwell,2.7
133 ,Zup! X,2.7
133 ,Max Payne,2.5
133 ,Portal 2,2.5
133 ,Deponia,2.1
133 ,The Night of the Rabbit,2
133 ,Homefront,2
133 ,Left 4 Dead 2,1.9
133 ,Raft,1.9
133 ,Borderlands 2,1.9
133 ,SurvivalZ,1.8
133 ,Sniper Ghost Warrior 2,1.8
133 ,PAYDAY 2,1.7
133 ,Black Squad,1.6
133 ,Hitman: Contracts,1.5
133 ,Doki Doki Literature Club,1.4
133 ,Insurgency,1.2
133 ,Metro 2033 Redux,1.1
133 ,Aim Hero,1
133 ,Party Panic,0.8
133 ,Unturned,0.7
133 ,A Story About My Uncle,0.7
133 ,Team Fortress 2,0.6
133 ,Bully: Scholarship Edition,0.6
133 ,Zup! 8,0.6
133 ,Business Tour - Online Multiplayer Board Game,0.5
133 ,Saints Row IV,0.5
133 ,Cuisine Royale,0.5
133 ,Wallpaper Engine,0.5
133 ,Edna & Harvey: Harvey's New Eyes,0.4
133 ,Alien: Isolation,0.4
133 ,Blast Zone! Tournament,0.4
133 ,Age of Wonders III,0.4
133 ,Darwin Project,0.4
133 ,Sniper Art of Victory,0.3
133 ,Guns of Icarus Online,0.3
133 ,Cortex Command,0.3
133 ,Guns of Icarus Alliance,0.3
133 ,Memoria,0.2
133 ,Life is Strange™,0.2
133 ,No More Room in Hell,0.2
133 ,MadOut2 BigCityOnline,0.2
133 ,Snail Racer Extreme,0.2
133 ,Don't Starve Together,0.2
133 ,Brawlhalla,0.2
133 ,Warface,0.2
133 ,Albion Online,0.1
133 ,Easy eSports,0.1
134 ,Counter-Strike: Global Offensive,1140
134 ,Tom Clancy's Rainbow Six Siege,374
134 ,PLAYERUNKNOWN'S BATTLEGROUNDS,49
134 ,Wallpaper Engine,9.4
134 ,Rocket League,6.7
134 ,Tumblestone,6.1
134 ,Crossout,6
134 ,Earth 2160,5.7
134 ,Head Shot,4.8
134 ,Battle vs Chess,4.6
134 ,Two Worlds: Epic Edition,4.1
134 ,Iron Sky Invasion,3.7
134 ,Planets Under Attack,2.7
134 ,Slingshot people,2.2
134 ,World War III: Black Gold,2
134 ,Dream Pinball 3D,1.9
134 ,World of Tanks Blitz,0.5
134 ,Paladins,0.3
134 ,Deceit,0.1
135 ,Dota 2,154
136 ,Grand Theft Auto V,698
136 ,Warframe,500
136 ,PLAYERUNKNOWN'S BATTLEGROUNDS,182
136 ,MudRunner,41
136 ,Euro Truck Simulator 2,3.6
136 ,Counter-Strike: Global Offensive,2.2
137 ,PLAYERUNKNOWN'S BATTLEGROUNDS,325
137 ,Destiny 2,289
137 ,Killing Floor 2,130
137 ,Insurgency: Sandstorm,51
137 ,Borderlands 2,50
137 ,The Forest,48
137 ,PAYDAY 2,38
137 ,Ultimate Fishing Simulator,34
137 ,Prey,32
137 ,Counter-Strike: Global Offensive,27
137 ,Rise of the Tomb Raider,26
137 ,Hunt: Showdown,24
137 ,NieR:Automata™,17.5
137 ,The Evil Within 2,16.4
137 ,Warhammer: Vermintide 2,13.4
137 ,Quantum Break,10.8
137 ,Human: Fall Flat,9.9
137 ,JUMP FORCE,9.8
137 ,Shadow Warrior 2,8.6
137 ,Hollow Knight,8.6
137 ,Left 4 Dead 2,8
137 ,Transistor,6.9
137 ,Killing Floor,3.3
137 ,Deceit,2.9
137 ,Pacify,2.4
137 ,Freud Gate,1.6
137 ,Assassin's Creed Unity,1.4
137 ,SCP: Secret Laboratory,1
137 ,Planet Coaster,0.6
137 ,Minion Masters,0.4
137 ,Team Fortress 2,0.4
137 ,Warframe,0.2
138 ,PLAYERUNKNOWN'S BATTLEGROUNDS,242
138 ,NBA 2K19,142
138 ,Counter-Strike: Global Offensive,128
138 ,Grand Theft Auto V,91
138 ,Dead by Daylight,43
138 ,Rocket League,17
138 ,Friday the 13th: The Game,14.5
138 ,Cuphead,8.2
138 ,Business Tour - Online Multiplayer Board Game,6.6
138 ,Warframe,5.6
138 ,Paladins,5.5
138 ,Timberman,4.4
138 ,The Witcher 3: Wild Hunt,2.8
138 ,Zula Europe,2
138 ,Z1 Battle Royale,2
138 ,Ring of Elysium,1.8
138 ,PAYDAY 2,1.6
138 ,Don't Starve,1.1
138 ,Outlast,0.7
138 ,Darwin Project,0.5
138 ,Secret Neighbor,0.3
138 ,Layers of Fear,0.3
138 ,Hand Simulator,0.2
138 ,ATLAS,0.2
138 ,Fallout 3,0.1
138 ,Bendy and the Ink Machine,0.1
138 ,Killer is Dead,0.1
139 ,Dota 2,5513
139 ,ARK: Survival Evolved,20
139 ,Internet Cafe Simulator,9.5
139 ,PLAYERUNKNOWN'S BATTLEGROUNDS,1.2
139 ,ARK: Survival Of The Fittest,0.1
140 ,Dota Underlords,132
140 ,Counter-Strike: Global Offensive,129
140 ,Don't Starve Together,57
140 ,Dota 2,38
140 ,Far Cry 4,34
140 ,Left 4 Dead 2,29
140 ,Wallpaper Engine,15.1
140 ,PLAYERUNKNOWN'S BATTLEGROUNDS,13.1
140 ,Don't Starve,10.4
140 ,Raft,3.4
140 ,Far Cry 5,1.4
140 ,Human: Fall Flat,0.7
140 ,Z1 Battle Royale,0.7
140 ,Aim Hero,0.7
140 ,H1Z1: Test Server,0.6
140 ,Minecraft: Story Mode - A Telltale Games Series,0.1
141 ,Counter-Strike: Global Offensive,792
141 ,Left 4 Dead 2,422
141 ,The Witcher 3: Wild Hunt,170
141 ,Divinity: Original Sin 2,141
141 ,XCOM 2,86
141 ,Dishonored 2,78
141 ,Path of Exile,54
141 ,Dishonored RHCP,32
141 ,Quake Champions,29
141 ,Dishonored®: Death of the Outsider™ ,14.2
141 ,Dark Messiah of Might & Magic Single Player,13.9
141 ,Half-Life 2,13.8
141 ,Wolfenstein: The New Order,12.6
141 ,The Dwarves,10
141 ,Frostpunk,6.7
141 ,The Elder Scrolls IV: Oblivion ,3.4
141 ,Grim Dawn,3.2
141 ,Warhammer: End Times - Vermintide,3.2
141 ,One Troll Army,2.8
141 ,Warhammer 40 000: Dawn of War - Soulstorm,2.5
141 ,How to Survive 2,2.5
141 ,Torchlight II,1.1
141 ,Warhammer 40 000: Dawn of War II - Retribution,1
141 ,Wallpaper Engine,0.9
141 ,Prey,0.6
141 ,Warhammer 40 000: Eternal Crusade,0.4
141 ,Batman™: Arkham Knight,0.1
142 ,Dota 2,1580
142 ,Dota Underlords,40
142 ,Shadow Warrior,1.5
142 ,Crusader Kings II,0.6
142 ,Art of War: Red Tides,0.2
142 ,SAMOLIOTIK,0.1
142 ,PLAYERUNKNOWN'S BATTLEGROUNDS,0.1
143 ,PLAYERUNKNOWN'S BATTLEGROUNDS,995
143 ,Far Cry 5,25
143 ,Counter-Strike: Global Offensive,10.3
143 ,The Forest,6.2
143 ,Dying Light,3.8
143 ,Human: Fall Flat,2.9
143 ,DARK SOULS™ III,2.4
143 ,MONSTER HUNTER: WORLD,1
144 ,Counter-Strike: Global Offensive,65
144 ,Call of Duty: Modern Warfare 2 - Multiplayer,19.2
144 ,Shadow Warrior,6.9
144 ,Oddworld: Abe's Oddysee,2.8
144 ,Viscera Cleanup Detail: Shadow Warrior,0.4
145 ,Z1 Battle Royale,1369
145 ,PLAYERUNKNOWN'S BATTLEGROUNDS,532
145 ,Counter-Strike: Global Offensive,242
145 ,Grand Theft Auto V,238
145 ,Wallpaper Engine,67
145 ,The Forest,49
145 ,H1Z1: Test Server,14
145 ,Human: Fall Flat,7.2
145 ,ARK: Survival Evolved,1.8
145 ,Paladins,0.7
146 ,Grand Theft Auto V,7.8
146 ,Euro Truck Simulator 2,4.4
146 ,Plague Inc: Evolved,3.4
146 ,NBA 2K19,2.2
146 ,Sid Meier's Civilization V,1.8
146 ,Counter-Strike: Global Offensive,0.6
146 ,PRO EVOLUTION SOCCER 2019,0.3
146 ,Age of Empires II (2013),0.3
147 ,Counter-Strike: Global Offensive,124
147 ,Paladins,23
147 ,PLAYERUNKNOWN'S BATTLEGROUNDS,20
147 ,PRO EVOLUTION SOCCER 2019 LITE,15.9
147 ,Warface,11.8
147 ,Ultimate Custom Night,11.7
147 ,Cuisine Royale,3
147 ,Unturned,2
147 ,Gotham City Impostors: Free To Play,1.5
147 ,Z1 Battle Royale,1.3
147 ,DiRT 3 Complete Edition,1.3
147 ,Zula Europe,1
147 ,The Backrooms Game FREE Edition,0.9
147 ,Fishing Planet,0.7
147 ,DiRT Rally,0.7
147 ,Dota 2,0.6
147 ,Paunch,0.6
147 ,Glitch,0.5
147 ,Dark Deception,0.5
147 ,Darwin Project,0.5
147 ,Realm Royale,0.4
147 ,Trimmer Tycoon,0.4
147 ,FROSTBITE: Deadly Climate,0.4
147 ,Beavers Be Dammed,0.4
147 ,Line of Sight,0.4
147 ,Creativerse,0.4
147 ,Last Man Standing,0.3
147 ,Walking Zombie 2,0.3
147 ,Drop Alive,0.3
147 ,Brawlhalla,0.2
147 ,scram,0.2
147 ,theHunter Classic,0.2
147 ,Westboro,0.2
147 ,Drunken Wrestlers 2,0.2
147 ,Alien Crusader,0.1
147 ,SYNTHETIK: Arena,0.1
147 ,Infestation: The New Z,0.1
148 ,Counter-Strike: Global Offensive,75
148 ,Euro Truck Simulator 2,29
148 ,Zula Online,7.4
148 ,Ben and Ed - Blood Party,5.2
148 ,Internet Cafe Simulator,0.6
149 ,PLAYERUNKNOWN'S BATTLEGROUNDS,923
149 ,Dota 2,41
149 ,Counter-Strike: Global Offensive,4.8
149 ,Ring of Elysium,2.9
150 ,Counter-Strike: Global Offensive,125
150 ,Animation Throwdown: The Quest for Cards,17.1
150 ,Wallpaper Engine,4.5
150 ,Sniper Elite 3,1.2
150 ,Realm Royale,0.5
150 ,High Profits,0.5
150 ,Emily is Away,0.2
151 ,Counter-Strike: Global Offensive,1210
151 ,Ring of Elysium,71
151 ,Soundpad,10.2
151 ,Paladins,9.6
151 ,PLAYERUNKNOWN'S BATTLEGROUNDS,7.6
151 ,Grand Theft Auto V,7
151 ,Rust,6
151 ,The Witcher 3: Wild Hunt,4
151 ,World of Tanks Blitz,1
151 ,Don't Starve Together,1
151 ,Dota 2,0.7
151 ,WARMODE,0.6
151 ,Outlast 2,0.4
152 ,Counter-Strike: Global Offensive,2953
152 ,PLAYERUNKNOWN'S BATTLEGROUNDS,758
152 ,DiRT Rally,6.8
153 ,Counter-Strike: Global Offensive,338
153 ,Paladins,44
153 ,Dota 2,7.4
153 ,Dota Underlords,1
153 ,Wallpaper Engine,0.7
153 ,PAYDAY 2,0.3
154 ,Tom Clancy's Rainbow Six Siege,282
154 ,Counter-Strike: Global Offensive,111
154 ,Left 4 Dead 2,99
154 ,Killing Floor 2,67
154 ,No More Room in Hell,37
154 ,Far Cry® 3,33
154 ,Rising Storm/Red Orchestra 2 Multiplayer,29
154 ,Day of Infamy,29
154 ,Assassin's Creed Revelations,26
154 ,Far Cry 4,19
154 ,Half-Life,18.3
154 ,BrainBread 2,14.5
154 ,Half-Life 2,13.6
154 ,Tomb Raider,11.4
154 ,Ring of Elysium,6.8
154 ,Dying Light,4.7
154 ,7 Days to Die,1.8
154 ,Codename CURE,1.3
154 ,Killing Floor,0.4
154 ,Dota 2,0.3
154 ,Z1 Battle Royale,0.2
155 ,Dota 2,1235
155 ,Dota Underlords,14.5
155 ,Counter-Strike: Global Offensive,1.9
156 ,Dota 2,639
156 ,Black Squad,22
156 ,Heroes & Generals,18.1
156 ,GunZ 2: The Second Duel,1.5
156 ,Counter-Strike: Global Offensive,0.3
156 ,Warframe,0.2
157 ,PLAYERUNKNOWN'S BATTLEGROUNDS,693
157 ,Dota 2,151
157 ,Human: Fall Flat,8.4
157 ,Don't Starve Together,7.9
157 ,Wallpaper Engine,4.8
157 ,Counter-Strike: Global Offensive,2.5
157 ,Brawlhalla,1.4
157 ,Spiral Knights,1.1
157 ,SpeedRunners,0.6
157 ,TSUKUMOHIME,0.3
158 ,Euro Truck Simulator 2,346
158 ,VRChat,298
158 ,Counter-Strike: Global Offensive,148
158 ,Portal 2,39
158 ,PAYDAY 2,39
158 ,Counter-Strike,39
158 ,Counter-Strike: Source,15.3
158 ,RollingBall: Unlimited World,9.6
158 ,Counter-Strike: Condition Zero,9.6
158 ,Counter-Strike: Condition Zero Deleted Scenes,9.6
158 ,WAY HOME,9.6
159 ,Sid Meier's Civilization V,205
159 ,Counter-Strike: Global Offensive,122
159 ,Europa Universalis IV,0.2
160 ,Tom Clancy's Rainbow Six Siege,523
160 ,Z1 Battle Royale,374
160 ,PLAYERUNKNOWN'S BATTLEGROUNDS,237
160 ,Counter-Strike: Global Offensive,199
160 ,MONSTER HUNTER: WORLD,199
160 ,Grand Theft Auto V,120
160 ,Farm Together,27
160 ,Assassin's Creed Odyssey,26
160 ,Chinese Parents,26
160 ,Human: Fall Flat,24
160 ,Raft,23
160 ,The Forest,13.6
160 ,Dota 2,13.2
160 ,Dying Light,13.1
160 ,Ring of Elysium,10.7
160 ,Steep,10.4
160 ,Slay the Spire,9.3
160 ,Clicker Heroes,9.1
160 ,Devil May Cry 5,8.8
160 ,Destiny 2,8.5
160 ,Witch It,8.1
160 ,Lost Castle,7.8
160 ,Tricky Towers,6.7
160 ,Red Dead Redemption 2,5.8
160 ,Otaku's Adventure,5.5
160 ,Super Bunny Man,5.2
160 ,Wallpaper Engine,5.2
160 ,Deceit,5.2
160 ,Totally Accurate Battlegrounds,4.9
160 ,Not Tonight,4.6
160 ,Business Tour - Online Multiplayer Board Game,4.4
160 ,Overcooked! 2,4.3
160 ,Refunct,4.3
160 ,Material Girl,4.2
160 ,60 Parsecs!,4.1
160 ,NARUTO SHIPPUDEN: Ultimate Ninja STORM 4,4
160 ,Portal 2,3.8
160 ,Mad Max,3.4
160 ,Monopoly Plus,3
160 ,Kerbal Space Program,3
160 ,Aim Hero,2.8
160 ,Tom Clancy's Rainbow Six Siege - Test Server,2.6
160 ,Bridge Constructor Portal,2.5
160 ,Treasure Hunter Simulator,2.2
160 ,Nyan Cat: Lost In Space,2.1
160 ,Wuppo - Definitive Edition,2.1
160 ,Devotion,2.1
160 ,Subnautica,2.1
160 ,Hand Simulator,2
160 ,H1Z1: Test Server,1.6
160 ,Miss Neko,1.5
160 ,Warframe,1.4
160 ,Shooty Skies,1.2
160 ,Trials Rising,1.1
160 ,Oik 2,1
160 ,METAL GEAR SURVIVE,1
160 ,Unturned,0.8
160 ,Little Triangle,0.8
160 ,HITMAN™ 2,0.6
160 ,Dota Underlords,0.5
160 ,Bridge Constructor,0.4
160 ,Fantasy Girl,0.4
160 ,Super Blue Boy Planet,0.2
160 ,PUSH,0.2
160 ,Pretty Angel,0.1
161 ,MONSTER HUNTER: WORLD,130
161 ,Dota 2,95
161 ,Sid Meier's Civilization VI,67
161 ,Counter-Strike: Global Offensive,65
161 ,Wallpaper Engine,63
161 ,The Witcher 3: Wild Hunt,62
161 ,PLAYERUNKNOWN'S BATTLEGROUNDS,39
161 ,Stardew Valley,39
161 ,Assassin's Creed Odyssey,39
161 ,Red Dead Redemption 2,34
161 ,Destiny 2,30
161 ,Don't Starve Together,28
161 ,Grand Theft Auto V,25
161 ,Remnant: From the Ashes,22
161 ,Total War: THREE KINGDOMS,19.6
161 ,Rise of the Tomb Raider,18.8
161 ,Frostpunk,18.1
161 ,DYNASTY WARRIORS 8: Xtreme Legends Complete Edition,17.8
161 ,Kingdom Rush Origins,13.5
161 ,Watch_Dogs 2,12.8
161 ,Mirror,12.5
161 ,Shadow of the Tomb Raider,10.4
161 ,Tomb Raider,9.4
161 ,Far Cry 5,9.3
161 ,Warframe,5.7
161 ,Assassin's Creed II,4.1
161 ,Warhammer: Vermintide 2,4
161 ,Railway Empire,3.7
161 ,Plants vs. Zombies: Game of the Year,3.3
161 ,RESIDENT EVIL 7 biohazard / BIOHAZARD 7 resident evil,3
161 ,Z1 Battle Royale,2.9
161 ,Assassin's Creed Origins,2.9
161 ,Human: Fall Flat,2.4
161 ,DEAD OR ALIVE Xtreme Venus Vacation,2.1
161 ,Euro Truck Simulator 2,1.7
161 ,LEGO® MARVEL's Avengers,1.7
161 ,Plague Inc: Evolved,1.5
161 ,VEGA Conflict,1
161 ,Heroes of Might & Magic V: Tribes of the East,1
161 ,Consummate:Missing World 寇莎梅特：困世迷情,0.7
161 ,Don't Starve,0.7
161 ,Battlerite,0.7
161 ,Dota Underlords,0.6
161 ,Black Survival,0.6
161 ,Eternal Card Game,0.5
161 ,Alien Swarm: Reactive Drop,0.3
161 ,Assassin's Creed III Remastered,0.2
161 ,A Story About My Uncle,0.2
161 ,Left 4 Dead 2,0.2
161 ,Northgard,0.1
161 ,Granado Espada,0.1
161 ,DYNASTY WARRIORS 9,0.1
162 ,Counter-Strike: Global Offensive,852
162 ,Garry's Mod,105
162 ,Unturned,20
162 ,Business Tour - Online Multiplayer Board Game,19.5
162 ,Paladins,10
162 ,S.K.I.L.L. - Special Force 2,9.6
162 ,Team Fortress 2,6.3
162 ,Trove,5.2
162 ,Infestation: The New Z,5.1
162 ,No More Room in Hell,4.5
162 ,Line of Sight,3.6
162 ,RaceRoom Racing Experience ,3
162 ,SMITE,3
162 ,Cry of Fear,2.5
162 ,theHunter Classic,2.5
162 ,Destiny 2,1.7
162 ,Lurk in the Dark : Prologue,1.3
162 ,Easy eSports,1.3
162 ,Clicker Heroes,1.3
162 ,Codename CURE,0.9
162 ,Blacklight: Retribution,0.7
162 ,TrackMania Nations Forever,0.6
162 ,PlanetSide 2,0.6
162 ,Blameless,0.4
162 ,Anomaly Zone,0.3
162 ,Z1 Battle Royale,0.3
162 ,Heroes & Generals,0.3
162 ,BLOCKADE 3D,0.3
162 ,Gotham City Impostors: Free To Play,0.3
162 ,Ultimate Custom Night,0.3
162 ,Deceit,0.3
162 ,WT3,0.2
162 ,IRFaceRig,0.1
163 ,Counter-Strike: Global Offensive,709
163 ,PLAYERUNKNOWN'S BATTLEGROUNDS,431
163 ,Euro Truck Simulator 2,65
163 ,Black Desert,52
163 ,The Forest,14.8
163 ,Tower Unite,4
163 ,Metin2,2.8
163 ,Garry's Mod,1.4
164 ,DARK SOULS™ II: Scholar of the First Sin,158
164 ,Garry's Mod,79
164 ,Cry of Fear,71
164 ,Starbound,70
164 ,Just Cause 2,30
164 ,Wallpaper Engine,23
164 ,World of Guns: Gun Disassembly,20
164 ,Dead Island Definitive Edition,17.2
164 ,Dead Island Riptide,13.7
164 ,F.E.A.R. 2: Project Origin,13.6
164 ,F.E.A.R.,10.4
164 ,POSTAL 2,9.6
164 ,Dead Space 2,8.3
164 ,YUMENIKKI -DREAM DIARY-,7.5
164 ,Yume Nikki,7.4
164 ,Amnesia: The Dark Descent,7
164 ,Half-Life 2,5.3
164 ,Ultimate Custom Night,4.5
164 ,LEGO® The Lord of the Rings™,3.9
164 ,Blush Blush,3.9
164 ,Portal 2,3.5
164 ,RAGE,3.4
164 ,VRChat,3
164 ,Dead Space,3
164 ,Borderlands: The Pre-Sequel,2.8
164 ,Misao: Definitive Edition,2.6
164 ,Goat Simulator,2.3
164 ,The Evil Within,2.2
164 ,Verde Station,1.9
164 ,Condemned: Criminal Origins,1.7
164 ,Slender: The Arrival,1.6
164 ,Undertale,1.5
164 ,Half-Life 2: Update,1.4
164 ,Just Cause,1.4
164 ,Warframe,1.4
164 ,Borderlands 2,1.3
164 ,Layers of Fear,1.2
164 ,Saints Row: The Third,1.2
164 ,Dead Island Riptide Definitive Edition,0.8
164 ,A Story About My Uncle,0.8
164 ,BIGFOOT,0.8
164 ,Amnesia: A Machine for Pigs,0.8
164 ,Blameless,0.8
164 ,Dungeon Siege III,0.8
164 ,Spooky's Jump Scare Mansion: HD Renovation,0.7
164 ,Changed,0.7
164 ,Five Nights at Freddy's: Sister Location,0.7
164 ,CASE: Animatronics,0.7
164 ,Don't Starve Together,0.6
164 ,DOOM 3: BFG Edition,0.6
164 ,Just Cause 3,0.5
164 ,Resident Evil 6 / Biohazard 6,0.5
164 ,OH MY GOD  LOOK AT THIS KNIGHT,0.5
164 ,Spooky's Jump Scare Mansion,0.4
164 ,SCP: Secret Laboratory,0.4
164 ,Dungeon Nightmares II : The Memory,0.4
164 ,Minds Eyes,0.3
164 ,NaissanceE,0.3
164 ,the static speaks my name,0.3
164 ,Freddy Fazbear's Pizzeria Simulator,0.3
164 ,Boogeyman,0.3
164 ,Turbo Dismount,0.3
164 ,Fingerbones,0.2
164 ,Intrepid,0.2
164 ,Half-Life 2: Lost Coast,0.2
164 ,Emily Wants To Play,0.1
164 ,Emily Wants to Play Too,0.1
165 ,Counter-Strike: Global Offensive,389
165 ,Paladins,71
165 ,Creativerse,35
165 ,Line of Sight,14.7
165 ,Heavy Metal Machines,9.8
165 ,Darwin Project,9.7
165 ,Transformice,6.7
165 ,Team Fortress 2,6.5
165 ,SMITE,3.5
165 ,Tiger Knight,2
165 ,Tiger Knight: Empire War,1.6
165 ,Block N Load,1.5
165 ,Zula Europe,1.5
165 ,Destiny 2,1.3
165 ,Don't Starve Together,0.6
165 ,They Can't Stop All Of Us,0.5
165 ,Robocraft,0.5
165 ,Splitgate: Arena Warfare,0.5
165 ,Dota 2,0.5
165 ,Tribes: Ascend,0.2
166 ,PLAYERUNKNOWN'S BATTLEGROUNDS,264
166 ,Sid Meier's Civilization VI,86
166 ,Far Cry® 3,12.6
166 ,Heroes & Generals,0.2
166 ,HITMAN™ 2,0.2
166 ,MOBIUS FINAL FANTASY,0.5
167 ,Dota 2,89
167 ,Team Fortress 2,0.3
168 ,Counter-Strike: Global Offensive,130
168 ,Mount & Blade: Warband,50
168 ,Garry's Mod,21
168 ,Mount & Blade: With Fire and Sword,13
168 ,PLAYERUNKNOWN'S BATTLEGROUNDS,9.8
168 ,Mirror,8.4
168 ,FaceRig,8.2
168 ,Left 4 Dead 2,6.1
168 ,Company of Heroes ,6.1
168 ,Tom Clancy's Rainbow Six Siege,5
168 ,Hand Simulator,3.8
168 ,Scrap Mechanic,3.1
168 ,Grand Theft Auto V,2.7
168 ,Dota 2,2.2
168 ,Colony Survival,1.6
168 ,Drop Alive,1.5
168 ,Cubic,1.4
168 ,Just Survive,1.3
168 ,Deep Diving Simulator,1
168 ,PC Building Simulator,0.4
168 ,Company of Heroes - Legacy Edition,0.3
168 ,ARK: Survival Evolved,0.3
168 ,THE DAY Online,0.3
168 ,Just Survive Test Server,0.1
169 ,Euro Truck Simulator 2,108
169 ,Internet Cafe Simulator,8.7
169 ,Zula Online,3.4
169 ,Counter-Strike: Global Offensive,2.4
170 ,Spintires®,80
170 ,Scrap Mechanic,36
170 ,Euro Truck Simulator 2,32
170 ,ASTRONEER,16
170 ,Farm Expert 2017,5.6
170 ,theHunter Classic,3.6
170 ,TrackMania Nations Forever,1.5
170 ,Business Tour - Online Multiplayer Board Game,0.8
170 ,Counter-Strike: Global Offensive,0.3
171 ,Warframe,394
171 ,PLAYERUNKNOWN'S BATTLEGROUNDS,339
171 ,Don't Starve Together,210
171 ,MONSTER HUNTER: WORLD,143
171 ,Grand Theft Auto V,132
171 ,Lost Castle,121
171 ,Dying Light,88
171 ,ARK: Survival Evolved,84
171 ,Deep Rock Galactic,55
171 ,Portal Knights,40
171 ,Wallpaper Engine,39
171 ,The Escapists 2,36
171 ,Terraria,33
171 ,Starbound,31
171 ,Rust,31
171 ,Craft The World,24
171 ,Raft,21
171 ,MorphVOX Pro - Voice Changer,20
171 ,DARK SOULS™ III,17.9
171 ,Counter-Strike: Global Offensive,10.5
171 ,Z1 Battle Royale,6.9
171 ,My Time At Portia,6.3
171 ,Ring of Elysium,5.6
171 ,The Witcher 3: Wild Hunt,5.1
171 ,Crashlands,4.2
171 ,HITMAN™ 2,3
171 ,Cities: Skylines,2.8
171 ,Castle Crashers,2.8
171 ,Amazing Cultivation Simulator,1.8
171 ,Minion Masters,1.7
171 ,Dota 2,1.5
171 ,Streets of Rogue,1.3
171 ,Peekaboo,1.2
171 ,Unturned,0.8
171 ,This War of Mine,0.7
171 ,Team Fortress 2,0.6
171 ,Russian Fishing 4,0.3
171 ,Starbound - Unstable,0.2
171 ,Left 4 Dead 2,0.1
172 ,Counter-Strike: Global Offensive,610
172 ,Black Squad,24
172 ,Paladins,5.5
172 ,Left 4 Dead 2,5.2
172 ,Blockstorm,4.1
172 ,Outlast,3.4
172 ,Portal 2,3.2
172 ,CLASH,2.8
172 ,Space Beret,2.7
172 ,Spoiler Alert,2.4
172 ,Gun Metal,2.3
172 ,Sixtieth Kilometer,2.2
172 ,Nightork Adventures - Beyond the Moons of Shadalee,2.2
172 ,Half-Life 2,2.2
172 ,Unturned,1.9
172 ,Minion Masters,1.7
172 ,CRACKHEAD,1.7
172 ,Let's Draw,1.7
172 ,Pixel Puzzles: UndeadZ,1.7
172 ,Soldiers: Heroes of World War II,1.3
172 ,Pixel Puzzles Ultimate,1.2
172 ,Killing Floor,1.1
172 ,Trove,1
172 ,PRO EVOLUTION SOCCER 2017 TRIAL EDITION,0.9
172 ,Cry of Fear,0.6
172 ,Block N Load,0.5
172 ,PAYDAY 2,0.5
172 ,Team Fortress 2,0.3
172 ,Worm.is: The Game,0.2
172 ,Lost Moon,0.2
172 ,Deceit,0.2
173 ,Grand Theft Auto V,382
173 ,Rocket League,266
173 ,Wallpaper Engine,213
173 ,Garry's Mod,92
173 ,The Evil Within 2,48
173 ,Beat Saber,38
173 ,Mortal Kombat X,35
173 ,Z1 Battle Royale,24
173 ,Rust,21
173 ,Just Cause 3,19.9
173 ,Deceit,17.3
173 ,PLAYERUNKNOWN'S BATTLEGROUNDS,12.6
173 ,Totally Accurate Battlegrounds,11.9
173 ,Saints Row: The Third,10.3
173 ,Reign Of Kings,9.5
173 ,Undertale,8.8
173 ,War Thunder,7.9
173 ,Saints Row IV,7.4
173 ,Pavlov VR,7.3
173 ,Surgeon Simulator,7.1
173 ,Paladins,6.8
173 ,Portal 2,6.7
173 ,Tom Clancy's Rainbow Six Siege,6.6
173 ,Saints Row: Gat out of Hell,5.8
173 ,Last Man Standing,5.8
173 ,Call of Duty: Black Ops II - Multiplayer,5.5
173 ,Papers  Please,5.4
173 ,SCP: Secret Laboratory,4.7
173 ,Goat Simulator,4.3
173 ,Team Fortress 2,4
173 ,The Elder Scrolls V: Skyrim,3.7
173 ,Realm Royale,3.6
173 ,Kingspray Graffiti,3.3
173 ,FIVE NIGHTS AT FREDDY'S: HELP WANTED,2.9
173 ,Call of Duty: Black Ops II - Zombies,2.6
173 ,Who's Your Daddy,2.6
173 ,Fallout Shelter,2.4
173 ,Assassin's Creed Origins,1.9
173 ,The Walking Dead,1.9
173 ,Anno 1404: Venice,1.8
173 ,Robocraft,1.7
173 ,Poker Night at the Inventory,1.3
173 ,Ampu-Tea,1.3
173 ,I am Bread,1.2
173 ,Strider,1.2
173 ,Just Cause™ 3: Multiplayer Mod,1.1
173 ,Sam & Max 101: Culture Shock,0.8
173 ,Unturned,0.7
173 ,VRChat,0.6
173 ,No More Room in Hell,0.6
173 ,NVIDIA® VR Funhouse,0.5
173 ,Counter-Strike: Global Offensive,0.5
173 ,Oh...Sir! The Insult Simulator,0.4
173 ,Project CARS,0.4
173 ,DmC Devil May Cry,0.4
173 ,Outlast,0.4
173 ,Umbrella Corps™ / Biohazard Umbrella Corps™,0.4
173 ,Garfield Kart,0.4
173 ,Dark Deception,0.3
173 ,Amnesia: A Machine for Pigs,0.3
173 ,Ultimate Custom Night,0.3
173 ,Long Live Santa!,0.2
173 ,Killer is Dead,0.2
173 ,Sakura Clicker,0.2
173 ,Creativerse,0.2
173 ,Freddy Fazbear's Pizzeria Simulator,0.2
173 ,The Lab,0.2
173 ,The Darkness II,0.2
173 ,Papers  Please - The Short Film,0.2
173 ,Cuisine Royale,0.2
173 ,F1 2015,0.1
173 ,Ultimate Desktop Character Engine,0.1
173 ,Counter-Strike,0.1
174 ,PLAYERUNKNOWN'S BATTLEGROUNDS,444
174 ,MONSTER HUNTER: WORLD,190
174 ,Counter-Strike: Global Offensive,66
174 ,Sekiro™: Shadows Die Twice,35
174 ,RESIDENT EVIL 7 biohazard / BIOHAZARD 7 resident evil,14.3
174 ,Tom Clancy's Rainbow Six Siege,13.3
174 ,Resident Evil 7 / Biohazard 7 Teaser: Beginning Hour,12.4
174 ,Devil May Cry 5,11.3
174 ,Frostpunk,10.3
174 ,Remnant: From the Ashes,8.9
174 ,Shadow of the Tomb Raider,5.5
174 ,Dungreed,3.6
174 ,Ring of Elysium,1.4
174 ,DARK SOULS™ III,1.2
174 ,Wallpaper Engine,0.1
175 ,Dota 2,991
175 ,Counter-Strike: Global Offensive,120
175 ,Warframe,85
175 ,Terraria,40
175 ,Paladins,35
175 ,Digimon Masters Online,19
175 ,Shadowverse,17.7
175 ,Plague Inc: Evolved,16.7
175 ,Bloons TD 6,9.1
175 ,Robocraft,7
175 ,Yu-Gi-Oh! Duel Links,6.2
175 ,Unturned,4.4
175 ,Trove,4
175 ,Elsword,2.7
175 ,VRChat,1.7
175 ,Minion Masters,0.5
175 ,Team Fortress 2,0.3
175 ,KurtzPel,0.2
175 ,Dota Underlords,0.2
175 ,Bit Heroes,0.2
176 ,Dota 2,0.8
177 ,PLAYERUNKNOWN'S BATTLEGROUNDS,695
177 ,LET IT DIE,4.7
177 ,Heroes & Generals,1
177 ,Warface,0.6
177 ,Ring of Elysium,0.6
177 ,Black Squad,0.6
177 ,Dota 2,0.5
178 ,PLAYERUNKNOWN'S BATTLEGROUNDS,895
178 ,Z1 Battle Royale,817
178 ,Dota 2,281
178 ,Lost Castle,220
178 ,Counter-Strike: Global Offensive,158
178 ,Rise of the Tomb Raider,110
178 ,Tom Clancy's Ghost Recon® Wildlands,70
178 ,Tom Clancy's Rainbow Six Siege,58
178 ,Remnant: From the Ashes,56
178 ,theHunter: Call of the Wild™,53
178 ,Assassin's Creed II,45
178 ,Fallout 4,43
178 ,Tomb Raider,31
178 ,Dying Light,25
178 ,Assassin's Creed Syndicate,25
178 ,Shadow of the Tomb Raider,19.1
178 ,Tom Clancy's The Division,18.3
178 ,Warframe,14.2
178 ,Legend of Merchant,7.5
178 ,Call of Duty: Infinite Warfare,7.4
178 ,Call of Duty: Advanced Warfare,7.3
178 ,Warface,6.7
178 ,Ring of Elysium,6.5
178 ,Resident Evil 6 / Biohazard 6,6.4
178 ,Call of Duty: Black Ops III,4.7
178 ,THE KING OF FIGHTERS XIII STEAM EDITION,3.4
178 ,Portal Knights,3
178 ,Destiny 2,2.5
178 ,THE KING OF FIGHTERS '97 GLOBAL MATCH,2
178 ,Nine Parchments,1.9
178 ,Stardew Valley,1.7
178 ,Hitman: Absolution,1.6
178 ,MONSTER HUNTER: WORLD,1.3
178 ,The Wild Eight,1.1
179 ,PLAYERUNKNOWN'S BATTLEGROUNDS,865
179 ,Battle Royale Trainer,1.3
179 ,Z1 Battle Royale,1.1
179 ,Just Survive Test Server,0.8
179 ,Counter-Strike: Global Offensive,0.4
180 ,Dota 2,779
180 ,Dota 2,548
180 ,Rust,430
180 ,PLAYERUNKNOWN'S BATTLEGROUNDS,296
180 ,Counter-Strike: Global Offensive,87
180 ,Realm Royale,42
180 ,Paladins,28
180 ,Darwin Project,17
180 ,Digimon Masters Online,7.6
180 ,The SKIES,2.8
180 ,Dota Underlords,0.6
180 ,Zula Online,0.3
181 ,Team Fortress 2,9.5
181 ,America's Army: Proving Grounds,3
181 ,Insurgency: Modern Infantry Combat,0.7
182 ,Counter-Strike: Global Offensive,2383
182 ,PLAYERUNKNOWN'S BATTLEGROUNDS,2067
182 ,For Honor,337
182 ,The Elder Scrolls Online,111
182 ,Insurgency,2.4
182 ,Crossout,1.7
182 ,Paladins,0.6
182 ,War Thunder,0.3
183 ,PLAYERUNKNOWN'S BATTLEGROUNDS,81
183 ,Mirror,12
183 ,The Long Dark,7.6
184 ,Team Fortress 2,384
184 ,7 Days to Die,305
184 ,Cuisine Royale,61
184 ,The Forest,48
184 ,Counter-Strike: Global Offensive,43
184 ,Unturned,36
184 ,Stronghold Kingdoms,20
184 ,Fallout Shelter,14.8
184 ,Sniper: Ghost Warrior,9.3
184 ,Elsword Free-to-Play,9
184 ,GUNS UP!,8.8
184 ,Creativerse,7.8
184 ,Castle Clicker,1.3
184 ,Infestation: The New Z,1
184 ,Dirty Bomb,0.6
184 ,Path of Exile,0.6
184 ,Zombie Apocalypse,0.6
184 ,Z1 Battle Royale,0.4
184 ,Tentlan,0.4
184 ,Yet Another Zombie Defense,0.3
184 ,METAL SLUG DEFENSE,0.1
184 ,Counter-Strike Nexon: Studio,0.1
184 ,Tactical Craft Online,0.1
185 ,Force of Nature,152
185 ,The Elder Scrolls V: Skyrim,142
185 ,Assassin's Creed Origins,95
185 ,Far Cry Primal,93
185 ,Far Cry 4,71
185 ,Mafia II,65
185 ,Deus Ex: Mankind Divided™,55
185 ,S.T.A.L.K.E.R.: Call of Pripyat,43
185 ,Raft,39
185 ,Kona,38
185 ,Tom Clancy's Splinter Cell Blacklist,35
185 ,No Man's Sky,31
185 ,Salt,30
185 ,Robocraft,30
185 ,Rise of the Tomb Raider,30
185 ,Assassin's Creed Syndicate,27
185 ,Tomb Raider,24
185 ,Sherlock Holmes: Crimes and Punishments,19.3
185 ,Gunpoint,17
185 ,The Forest,16.2
185 ,Portal 2,14.5
185 ,Spore,14.2
185 ,Fine Sweeper,13.7
185 ,Medieval Engineers,11.7
185 ,Assassin's Creed® III,10.8
185 ,Call of Duty: Advanced Warfare,10.8
185 ,Antichamber,10.5
185 ,Dead Rising 3,10.3
185 ,L.A. Noire,9.8
185 ,7 Days to Die,9.5
185 ,Middle-earth™: Shadow of Mordor™,8.9
185 ,Euro Truck Simulator 2,8.5
185 ,Miasmata,7.7
185 ,PLAYERUNKNOWN'S BATTLEGROUNDS,7.6
185 ,Plague Inc: Evolved,7.3
185 ,The Long Dark,6.4
185 ,Rogue Legacy,6
185 ,Kingdoms,5.5
185 ,Stranded Deep,5
185 ,The Talos Principle,4.7
185 ,The Vanishing of Ethan Carter,4.6
185 ,Door Kickers,4.4
185 ,Half-Life,4.4
185 ,ASTRONEER,4.1
185 ,Dead Secret,4
185 ,Rocket League,3.3
185 ,Alien: Isolation,3.1
185 ,Ultimate Chicken Horse,2.8
185 ,Dear Esther,2.8
185 ,Omerta - City of Gangsters,2.6
185 ,Reign Of Kings,2.5
185 ,Godus,2.4
185 ,Sniper Elite V2,2.1
185 ,Metro: Last Light,1.9
185 ,BioShock Infinite,1.7
185 ,1953 - KGB Unleashed,1.6
185 ,Sir  You Are Being Hunted,1.6
185 ,Team Fortress 2,1.5
185 ,Farming Simulator 15,1.3
185 ,Half-Life 2,1.2
185 ,Gauntlet™ ,1.1
185 ,Kentucky Route Zero,1.1
185 ,Besiege,1
185 ,Doorways: Prelude,0.9
185 ,FEZ,0.8
185 ,Kerbal Space Program,0.8
185 ,Crysis Warhead,0.8
185 ,BeamNG.drive,0.7
185 ,DreadOut,0.7
185 ,FTL: Faster Than Light,0.6
185 ,Poker Night at the Inventory,0.6
185 ,Portal,0.5
185 ,Only If,0.4
185 ,Euro Truck Simulator,0.4
185 ,Dota 2,0.4
185 ,Trickster VR,0.3
185 ,Left 4 Dead 2,0.3
185 ,SEGA Mega Drive & Genesis Classics,0.2
185 ,Banished,0.2
185 ,Castle Story,0.2
185 ,Terraria,0.2
185 ,Bully: Scholarship Edition,0.2
185 ,Insurgency,0.2
185 ,Quantum Conundrum,0.1
